dataset,unit,method,endpoint,value
teacher_development_smoke,cadence-teacher-rnn-v1-smoke-development-00-812d24afe6ab,additive,neural_condition_averaged_causal_skill_mean,-0.90699929484527408
teacher_development_smoke,cadence-teacher-rnn-v1-smoke-development-00-812d24afe6ab,additive,behavior_condition_averaged_causal_skill_mean,0.41626751134692774
teacher_development_smoke,cadence-teacher-rnn-v1-smoke-development-00-812d24afe6ab,additive,neural_pathwise_mean_causal_skill_mean,-1.4840811717214826
teacher_development_smoke,cadence-teacher-rnn-v1-smoke-development-00-812d24afe6ab,additive,behavior_pathwise_mean_causal_skill_mean,0.45628783143463347
teacher_development_smoke,cadence-teacher-rnn-v1-smoke-development-00-812d24afe6ab,additive,gauge_true_h_neural_pathwise_mean_causal_skill_mean,-0.63901948763035543
teacher_development_smoke,cadence-teacher-rnn-v1-smoke-development-00-812d24afe6ab,additive,gauge_true_h_neural_condition_averaged_causal_skill_mean,-0.38029444132557066
teacher_development_smoke,cadence-teacher-rnn-v1-smoke-development-00-812d24afe6ab,additive,neural_causal_skill_mean,-0.17555209504336888
teacher_development_smoke,cadence-teacher-rnn-v1-smoke-development-00-812d24afe6ab,additive,behavior_causal_skill_mean,0.40945213415358217
teacher_development_smoke,cadence-teacher-rnn-v1-smoke-development-00-812d24afe6ab,additive,neural_effect_nrmse_mean,0.17653054193827622
teacher_development_smoke,cadence-teacher-rnn-v1-smoke-development-00-812d24afe6ab,additive,behavior_effect_nrmse_mean,0.35788513891791141
teacher_development_smoke,cadence-teacher-rnn-v1-smoke-development-00-812d24afe6ab,additive,neural_treated_nrmse_mean,1.0323111986546092
teacher_development_smoke,cadence-teacher-rnn-v1-smoke-development-00-812d24afe6ab,additive,behavior_treated_nrmse_mean,0.67040654842530378
teacher_development_smoke,cadence-teacher-rnn-v1-smoke-development-00-812d24afe6ab,additive,latent_effect_skill_affine_gauge_mean,-0.9525361587271004
teacher_development_smoke,cadence-teacher-rnn-v1-smoke-development-00-812d24afe6ab,additive,latent_treated_r2_affine_gauge_mean,0.13269272596700188
teacher_development_smoke,cadence-teacher-rnn-v1-smoke-development-00-812d24afe6ab,additive,shared_vector_field_r2_affine_gauge_mean,-0.89582250088333826
teacher_development_smoke,cadence-teacher-rnn-v1-smoke-development-00-812d24afe6ab,additive,shared_vector_field_cosine_affine_gauge_mean,0.032066570410805774
teacher_development_smoke,cadence-teacher-rnn-v1-smoke-development-00-812d24afe6ab,additive,shared_operator_linear_cka_affine_gauge_mean,0.998093945647339
teacher_development_smoke,cadence-teacher-rnn-v1-smoke-development-00-812d24afe6ab,additive,neural_observation_oracle_causal_skill_mean,0.056648619644154352
teacher_development_smoke,cadence-teacher-rnn-v1-smoke-development-00-812d24afe6ab,additive,behavior_observation_oracle_causal_skill_mean,1
teacher_development_smoke,cadence-teacher-rnn-v1-smoke-development-00-812d24afe6ab,additive,neural_condition_averaged_oracle_causal_skill_mean,0.29010410990727076
teacher_development_smoke,cadence-teacher-rnn-v1-smoke-development-00-812d24afe6ab,additive,behavior_condition_averaged_oracle_causal_skill_mean,1
teacher_development_smoke,cadence-teacher-rnn-v1-smoke-development-00-812d24afe6ab,additive,query_coordinate_fraction_outside_normal_rollout_range,0.22407407407407406
teacher_development_smoke,cadence-teacher-rnn-v1-smoke-development-00-812d24afe6ab,black_box,neural_condition_averaged_causal_skill_mean,-0.058235723252079818
teacher_development_smoke,cadence-teacher-rnn-v1-smoke-development-00-812d24afe6ab,black_box,behavior_condition_averaged_causal_skill_mean,0.77240010338895326
teacher_development_smoke,cadence-teacher-rnn-v1-smoke-development-00-812d24afe6ab,black_box,neural_pathwise_mean_causal_skill_mean,-0.21406003161493792
teacher_development_smoke,cadence-teacher-rnn-v1-smoke-development-00-812d24afe6ab,black_box,behavior_pathwise_mean_causal_skill_mean,0.76798859246950313
teacher_development_smoke,cadence-teacher-rnn-v1-smoke-development-00-812d24afe6ab,black_box,gauge_true_h_neural_pathwise_mean_causal_skill_mean,0.24155123391327027
teacher_development_smoke,cadence-teacher-rnn-v1-smoke-development-00-812d24afe6ab,black_box,gauge_true_h_neural_condition_averaged_causal_skill_mean,-0.008109458851231377
teacher_development_smoke,cadence-teacher-rnn-v1-smoke-development-00-812d24afe6ab,black_box,neural_causal_skill_mean,-0.010249400696468625
teacher_development_smoke,cadence-teacher-rnn-v1-smoke-development-00-812d24afe6ab,black_box,behavior_causal_skill_mean,0.75934805998449828
teacher_development_smoke,cadence-teacher-rnn-v1-smoke-development-00-812d24afe6ab,black_box,neural_effect_nrmse_mean,0.16364894704551064
teacher_development_smoke,cadence-teacher-rnn-v1-smoke-development-00-812d24afe6ab,black_box,behavior_effect_nrmse_mean,0.22846032810037151
teacher_development_smoke,cadence-teacher-rnn-v1-smoke-development-00-812d24afe6ab,black_box,neural_treated_nrmse_mean,1.0341904822365158
teacher_development_smoke,cadence-teacher-rnn-v1-smoke-development-00-812d24afe6ab,black_box,behavior_treated_nrmse_mean,0.54354896811547149
teacher_development_smoke,cadence-teacher-rnn-v1-smoke-development-00-812d24afe6ab,black_box,latent_effect_skill_affine_gauge_mean,0.11612137676260947
teacher_development_smoke,cadence-teacher-rnn-v1-smoke-development-00-812d24afe6ab,black_box,latent_treated_r2_affine_gauge_mean,0.2424951874640795
teacher_development_smoke,cadence-teacher-rnn-v1-smoke-development-00-812d24afe6ab,black_box,shared_vector_field_r2_affine_gauge_mean,-0.099338980246208353
teacher_development_smoke,cadence-teacher-rnn-v1-smoke-development-00-812d24afe6ab,black_box,shared_vector_field_cosine_affine_gauge_mean,0.28343676593645023
teacher_development_smoke,cadence-teacher-rnn-v1-smoke-development-00-812d24afe6ab,black_box,shared_operator_linear_cka_affine_gauge_mean,0.92276974430397096
teacher_development_smoke,cadence-teacher-rnn-v1-smoke-development-00-812d24afe6ab,black_box,neural_observation_oracle_causal_skill_mean,0.056648619644154352
teacher_development_smoke,cadence-teacher-rnn-v1-smoke-development-00-812d24afe6ab,black_box,behavior_observation_oracle_causal_skill_mean,1
teacher_development_smoke,cadence-teacher-rnn-v1-smoke-development-00-812d24afe6ab,black_box,neural_condition_averaged_oracle_causal_skill_mean,0.29010410990727076
teacher_development_smoke,cadence-teacher-rnn-v1-smoke-development-00-812d24afe6ab,black_box,behavior_condition_averaged_oracle_causal_skill_mean,1
teacher_development_smoke,cadence-teacher-rnn-v1-smoke-development-00-812d24afe6ab,black_box,query_coordinate_fraction_outside_normal_rollout_range,0.090740740740740747
teacher_development_smoke,cadence-teacher-rnn-v1-smoke-development-00-812d24afe6ab,linear,neural_condition_averaged_causal_skill_mean,-0.068729803852628502
teacher_development_smoke,cadence-teacher-rnn-v1-smoke-development-00-812d24afe6ab,linear,behavior_condition_averaged_causal_skill_mean,0.51051856184267563
teacher_development_smoke,cadence-teacher-rnn-v1-smoke-development-00-812d24afe6ab,linear,neural_pathwise_mean_causal_skill_mean,-0.012677974851236673
teacher_development_smoke,cadence-teacher-rnn-v1-smoke-development-00-812d24afe6ab,linear,behavior_pathwise_mean_causal_skill_mean,0.51860894025130277
teacher_development_smoke,cadence-teacher-rnn-v1-smoke-development-00-812d24afe6ab,linear,gauge_true_h_neural_pathwise_mean_causal_skill_mean,-0.22764952500502744
teacher_development_smoke,cadence-teacher-rnn-v1-smoke-development-00-812d24afe6ab,linear,gauge_true_h_neural_condition_averaged_causal_skill_mean,-0.11404299946079322
teacher_development_smoke,cadence-teacher-rnn-v1-smoke-development-00-812d24afe6ab,linear,neural_causal_skill_mean,-0.013212791921383804
teacher_development_smoke,cadence-teacher-rnn-v1-smoke-development-00-812d24afe6ab,linear,behavior_causal_skill_mean,0.50785531904072823
teacher_development_smoke,cadence-teacher-rnn-v1-smoke-development-00-812d24afe6ab,linear,neural_effect_nrmse_mean,0.16388878917780828
teacher_development_smoke,cadence-teacher-rnn-v1-smoke-development-00-812d24afe6ab,linear,behavior_effect_nrmse_mean,0.32671006229382948
teacher_development_smoke,cadence-teacher-rnn-v1-smoke-development-00-812d24afe6ab,linear,neural_treated_nrmse_mean,1.0337415702480395
teacher_development_smoke,cadence-teacher-rnn-v1-smoke-development-00-812d24afe6ab,linear,behavior_treated_nrmse_mean,0.57470633266507154
teacher_development_smoke,cadence-teacher-rnn-v1-smoke-development-00-812d24afe6ab,linear,latent_effect_skill_affine_gauge_mean,-0.2759237792086271
teacher_development_smoke,cadence-teacher-rnn-v1-smoke-development-00-812d24afe6ab,linear,latent_treated_r2_affine_gauge_mean,0.34783772367728005
teacher_development_smoke,cadence-teacher-rnn-v1-smoke-development-00-812d24afe6ab,linear,shared_vector_field_r2_affine_gauge_mean,-0.11567549776583785
teacher_development_smoke,cadence-teacher-rnn-v1-smoke-development-00-812d24afe6ab,linear,shared_vector_field_cosine_affine_gauge_mean,0.08124369825200832
teacher_development_smoke,cadence-teacher-rnn-v1-smoke-development-00-812d24afe6ab,linear,shared_operator_linear_cka_affine_gauge_mean,0.9980939462791476
teacher_development_smoke,cadence-teacher-rnn-v1-smoke-development-00-812d24afe6ab,linear,neural_observation_oracle_causal_skill_mean,0.056648619644154352
teacher_development_smoke,cadence-teacher-rnn-v1-smoke-development-00-812d24afe6ab,linear,behavior_observation_oracle_causal_skill_mean,1
teacher_development_smoke,cadence-teacher-rnn-v1-smoke-development-00-812d24afe6ab,linear,neural_condition_averaged_oracle_causal_skill_mean,0.29010410990727076
teacher_development_smoke,cadence-teacher-rnn-v1-smoke-development-00-812d24afe6ab,linear,behavior_condition_averaged_oracle_causal_skill_mean,1
teacher_development_smoke,cadence-teacher-rnn-v1-smoke-development-00-812d24afe6ab,linear,query_coordinate_fraction_outside_normal_rollout_range,0.17407407407407408
teacher_development_smoke,cadence-teacher-rnn-v1-smoke-development-00-812d24afe6ab,proposed,neural_condition_averaged_causal_skill_mean,-0.02380020793293447
teacher_development_smoke,cadence-teacher-rnn-v1-smoke-development-00-812d24afe6ab,proposed,behavior_condition_averaged_causal_skill_mean,0.46303561811825444
teacher_development_smoke,cadence-teacher-rnn-v1-smoke-development-00-812d24afe6ab,proposed,neural_pathwise_mean_causal_skill_mean,0.041948363640144204
teacher_development_smoke,cadence-teacher-rnn-v1-smoke-development-00-812d24afe6ab,proposed,behavior_pathwise_mean_causal_skill_mean,0.4737514390643609
teacher_development_smoke,cadence-teacher-rnn-v1-smoke-development-00-812d24afe6ab,proposed,gauge_true_h_neural_pathwise_mean_causal_skill_mean,-0.81203817779082499
teacher_development_smoke,cadence-teacher-rnn-v1-smoke-development-00-812d24afe6ab,proposed,gauge_true_h_neural_condition_averaged_causal_skill_mean,-0.26304439538500501
teacher_development_smoke,cadence-teacher-rnn-v1-smoke-development-00-812d24afe6ab,proposed,neural_causal_skill_mean,-0.0046446780147568756
teacher_development_smoke,cadence-teacher-rnn-v1-smoke-development-00-812d24afe6ab,proposed,behavior_causal_skill_mean,0.45747781166307888
teacher_development_smoke,cadence-teacher-rnn-v1-smoke-development-00-812d24afe6ab,proposed,neural_effect_nrmse_mean,0.16319436491961944
teacher_development_smoke,cadence-teacher-rnn-v1-smoke-development-00-812d24afe6ab,proposed,behavior_effect_nrmse_mean,0.34302428286082509
teacher_development_smoke,cadence-teacher-rnn-v1-smoke-development-00-812d24afe6ab,proposed,neural_treated_nrmse_mean,1.0338012494513105
teacher_development_smoke,cadence-teacher-rnn-v1-smoke-development-00-812d24afe6ab,proposed,behavior_treated_nrmse_mean,0.59045345778170211
teacher_development_smoke,cadence-teacher-rnn-v1-smoke-development-00-812d24afe6ab,proposed,latent_effect_skill_affine_gauge_mean,-0.81314385827011804
teacher_development_smoke,cadence-teacher-rnn-v1-smoke-development-00-812d24afe6ab,proposed,latent_treated_r2_affine_gauge_mean,-0.041035607485480075
teacher_development_smoke,cadence-teacher-rnn-v1-smoke-development-00-812d24afe6ab,proposed,shared_vector_field_r2_affine_gauge_mean,-0.69772711271455146
teacher_development_smoke,cadence-teacher-rnn-v1-smoke-development-00-812d24afe6ab,proposed,shared_vector_field_cosine_affine_gauge_mean,-0.053635974915959651
teacher_development_smoke,cadence-teacher-rnn-v1-smoke-development-00-812d24afe6ab,proposed,shared_operator_linear_cka_affine_gauge_mean,0.99723850695752581
teacher_development_smoke,cadence-teacher-rnn-v1-smoke-development-00-812d24afe6ab,proposed,neural_observation_oracle_causal_skill_mean,0.056648619644154352
teacher_development_smoke,cadence-teacher-rnn-v1-smoke-development-00-812d24afe6ab,proposed,behavior_observation_oracle_causal_skill_mean,1
teacher_development_smoke,cadence-teacher-rnn-v1-smoke-development-00-812d24afe6ab,proposed,neural_condition_averaged_oracle_causal_skill_mean,0.29010410990727076
teacher_development_smoke,cadence-teacher-rnn-v1-smoke-development-00-812d24afe6ab,proposed,behavior_condition_averaged_oracle_causal_skill_mean,1
teacher_development_smoke,cadence-teacher-rnn-v1-smoke-development-00-812d24afe6ab,proposed,query_coordinate_fraction_outside_normal_rollout_range,0.20092592592592592
teacher_development_smoke,cadence-teacher-rnn-v1-smoke-development-00-812d24afe6ab,proposed_native_decoder,neural_condition_averaged_causal_skill_mean,0.02523208339994043
teacher_development_smoke,cadence-teacher-rnn-v1-smoke-development-00-812d24afe6ab,proposed_native_decoder,behavior_condition_averaged_causal_skill_mean,0.46303561811825444
teacher_development_smoke,cadence-teacher-rnn-v1-smoke-development-00-812d24afe6ab,proposed_native_decoder,neural_pathwise_mean_causal_skill_mean,-0.01300644900156156
teacher_development_smoke,cadence-teacher-rnn-v1-smoke-development-00-812d24afe6ab,proposed_native_decoder,behavior_pathwise_mean_causal_skill_mean,0.4737514390643609
teacher_development_smoke,cadence-teacher-rnn-v1-smoke-development-00-812d24afe6ab,proposed_native_decoder,gauge_true_h_neural_pathwise_mean_causal_skill_mean,-0.81203817779082499
teacher_development_smoke,cadence-teacher-rnn-v1-smoke-development-00-812d24afe6ab,proposed_native_decoder,gauge_true_h_neural_condition_averaged_causal_skill_mean,-0.26304439538500501
teacher_development_smoke,cadence-teacher-rnn-v1-smoke-development-00-812d24afe6ab,proposed_native_decoder,neural_causal_skill_mean,0.0050085813507600996
teacher_development_smoke,cadence-teacher-rnn-v1-smoke-development-00-812d24afe6ab,proposed_native_decoder,behavior_causal_skill_mean,0.45747781166307888
teacher_development_smoke,cadence-teacher-rnn-v1-smoke-development-00-812d24afe6ab,proposed_native_decoder,neural_effect_nrmse_mean,0.16240843527013268
teacher_development_smoke,cadence-teacher-rnn-v1-smoke-development-00-812d24afe6ab,proposed_native_decoder,behavior_effect_nrmse_mean,0.34302428286082509
teacher_development_smoke,cadence-teacher-rnn-v1-smoke-development-00-812d24afe6ab,proposed_native_decoder,neural_treated_nrmse_mean,1.0728500567184653
teacher_development_smoke,cadence-teacher-rnn-v1-smoke-development-00-812d24afe6ab,proposed_native_decoder,behavior_treated_nrmse_mean,0.59045345778170211
teacher_development_smoke,cadence-teacher-rnn-v1-smoke-development-00-812d24afe6ab,proposed_native_decoder,latent_effect_skill_affine_gauge_mean,-0.81314385827011804
teacher_development_smoke,cadence-teacher-rnn-v1-smoke-development-00-812d24afe6ab,proposed_native_decoder,latent_treated_r2_affine_gauge_mean,-0.041035607485480075
teacher_development_smoke,cadence-teacher-rnn-v1-smoke-development-00-812d24afe6ab,proposed_native_decoder,shared_vector_field_r2_affine_gauge_mean,-0.69772711271455146
teacher_development_smoke,cadence-teacher-rnn-v1-smoke-development-00-812d24afe6ab,proposed_native_decoder,shared_vector_field_cosine_affine_gauge_mean,-0.053635974915959651
teacher_development_smoke,cadence-teacher-rnn-v1-smoke-development-00-812d24afe6ab,proposed_native_decoder,shared_operator_linear_cka_affine_gauge_mean,0.99723850695752581
teacher_development_smoke,cadence-teacher-rnn-v1-smoke-development-00-812d24afe6ab,proposed_native_decoder,neural_observation_oracle_causal_skill_mean,0.056648619644154352
teacher_development_smoke,cadence-teacher-rnn-v1-smoke-development-00-812d24afe6ab,proposed_native_decoder,behavior_observation_oracle_causal_skill_mean,1
teacher_development_smoke,cadence-teacher-rnn-v1-smoke-development-00-812d24afe6ab,proposed_native_decoder,neural_condition_averaged_oracle_causal_skill_mean,0.29010410990727076
teacher_development_smoke,cadence-teacher-rnn-v1-smoke-development-00-812d24afe6ab,proposed_native_decoder,behavior_condition_averaged_oracle_causal_skill_mean,1
teacher_development_smoke,cadence-teacher-rnn-v1-smoke-development-00-812d24afe6ab,proposed_no_target_adaptation,neural_condition_averaged_causal_skill_mean,0.022774901056766828
teacher_development_smoke,cadence-teacher-rnn-v1-smoke-development-00-812d24afe6ab,proposed_no_target_adaptation,behavior_condition_averaged_causal_skill_mean,0.43894888347820837
teacher_development_smoke,cadence-teacher-rnn-v1-smoke-development-00-812d24afe6ab,proposed_no_target_adaptation,neural_pathwise_mean_causal_skill_mean,0.050051177806748393
teacher_development_smoke,cadence-teacher-rnn-v1-smoke-development-00-812d24afe6ab,proposed_no_target_adaptation,behavior_pathwise_mean_causal_skill_mean,0.45121171195903986
teacher_development_smoke,cadence-teacher-rnn-v1-smoke-development-00-812d24afe6ab,proposed_no_target_adaptation,gauge_true_h_neural_pathwise_mean_causal_skill_mean,-1.9545620088490137
teacher_development_smoke,cadence-teacher-rnn-v1-smoke-development-00-812d24afe6ab,proposed_no_target_adaptation,gauge_true_h_neural_condition_averaged_causal_skill_mean,-0.98889608356718872
teacher_development_smoke,cadence-teacher-rnn-v1-smoke-development-00-812d24afe6ab,proposed_no_target_adaptation,neural_causal_skill_mean,0.0043975425189836104
teacher_development_smoke,cadence-teacher-rnn-v1-smoke-development-00-812d24afe6ab,proposed_no_target_adaptation,behavior_causal_skill_mean,0.43642738178506146
teacher_development_smoke,cadence-teacher-rnn-v1-smoke-development-00-812d24afe6ab,proposed_no_target_adaptation,neural_effect_nrmse_mean,0.16245829631793582
teacher_development_smoke,cadence-teacher-rnn-v1-smoke-development-00-812d24afe6ab,proposed_no_target_adaptation,behavior_effect_nrmse_mean,0.34961580283084781
teacher_development_smoke,cadence-teacher-rnn-v1-smoke-development-00-812d24afe6ab,proposed_no_target_adaptation,neural_treated_nrmse_mean,1.4962865714348086
teacher_development_smoke,cadence-teacher-rnn-v1-smoke-development-00-812d24afe6ab,proposed_no_target_adaptation,behavior_treated_nrmse_mean,1.175140365238333
teacher_development_smoke,cadence-teacher-rnn-v1-smoke-development-00-812d24afe6ab,proposed_no_target_adaptation,latent_effect_skill_affine_gauge_mean,-2.5661001610658749
teacher_development_smoke,cadence-teacher-rnn-v1-smoke-development-00-812d24afe6ab,proposed_no_target_adaptation,latent_treated_r2_affine_gauge_mean,-0.86802272507906242
teacher_development_smoke,cadence-teacher-rnn-v1-smoke-development-00-812d24afe6ab,proposed_no_target_adaptation,shared_vector_field_r2_affine_gauge_mean,-1.5818727402456005
teacher_development_smoke,cadence-teacher-rnn-v1-smoke-development-00-812d24afe6ab,proposed_no_target_adaptation,shared_vector_field_cosine_affine_gauge_mean,-0.069866564634458603
teacher_development_smoke,cadence-teacher-rnn-v1-smoke-development-00-812d24afe6ab,proposed_no_target_adaptation,shared_operator_linear_cka_affine_gauge_mean,0.99810965917386019
teacher_development_smoke,cadence-teacher-rnn-v1-smoke-development-00-812d24afe6ab,proposed_no_target_adaptation,neural_observation_oracle_causal_skill_mean,0.056648619644154352
teacher_development_smoke,cadence-teacher-rnn-v1-smoke-development-00-812d24afe6ab,proposed_no_target_adaptation,behavior_observation_oracle_causal_skill_mean,1
teacher_development_smoke,cadence-teacher-rnn-v1-smoke-development-00-812d24afe6ab,proposed_no_target_adaptation,neural_condition_averaged_oracle_causal_skill_mean,0.29010410990727076
teacher_development_smoke,cadence-teacher-rnn-v1-smoke-development-00-812d24afe6ab,proposed_no_target_adaptation,behavior_condition_averaged_oracle_causal_skill_mean,1
teacher_development_smoke,cadence-teacher-rnn-v1-smoke-development-00-812d24afe6ab,proposed_no_target_residual,neural_condition_averaged_causal_skill_mean,-0.023800208343705442
teacher_development_smoke,cadence-teacher-rnn-v1-smoke-development-00-812d24afe6ab,proposed_no_target_residual,behavior_condition_averaged_causal_skill_mean,0.46303561664842363
teacher_development_smoke,cadence-teacher-rnn-v1-smoke-development-00-812d24afe6ab,proposed_no_target_residual,neural_pathwise_mean_causal_skill_mean,0.041948362817095353
teacher_development_smoke,cadence-teacher-rnn-v1-smoke-development-00-812d24afe6ab,proposed_no_target_residual,behavior_pathwise_mean_causal_skill_mean,0.47375143825481103
teacher_development_smoke,cadence-teacher-rnn-v1-smoke-development-00-812d24afe6ab,proposed_no_target_residual,gauge_true_h_neural_pathwise_mean_causal_skill_mean,-0.81203817355437025
teacher_development_smoke,cadence-teacher-rnn-v1-smoke-development-00-812d24afe6ab,proposed_no_target_residual,gauge_true_h_neural_condition_averaged_causal_skill_mean,-0.26304439420890668
teacher_development_smoke,cadence-teacher-rnn-v1-smoke-development-00-812d24afe6ab,proposed_no_target_residual,neural_causal_skill_mean,-0.0046446781481095378
teacher_development_smoke,cadence-teacher-rnn-v1-smoke-development-00-812d24afe6ab,proposed_no_target_residual,behavior_causal_skill_mean,0.45747781122174103
teacher_development_smoke,cadence-teacher-rnn-v1-smoke-development-00-812d24afe6ab,proposed_no_target_residual,neural_effect_nrmse_mean,0.16319436493045034
teacher_development_smoke,cadence-teacher-rnn-v1-smoke-development-00-812d24afe6ab,proposed_no_target_residual,behavior_effect_nrmse_mean,0.34302428300034898
teacher_development_smoke,cadence-teacher-rnn-v1-smoke-development-00-812d24afe6ab,proposed_no_target_residual,neural_treated_nrmse_mean,1.0338012494546576
teacher_development_smoke,cadence-teacher-rnn-v1-smoke-development-00-812d24afe6ab,proposed_no_target_residual,behavior_treated_nrmse_mean,0.59045346045120728
teacher_development_smoke,cadence-teacher-rnn-v1-smoke-development-00-812d24afe6ab,proposed_no_target_residual,latent_effect_skill_affine_gauge_mean,-0.8131438556164643
teacher_development_smoke,cadence-teacher-rnn-v1-smoke-development-00-812d24afe6ab,proposed_no_target_residual,latent_treated_r2_affine_gauge_mean,-0.041035608517117961
teacher_development_smoke,cadence-teacher-rnn-v1-smoke-development-00-812d24afe6ab,proposed_no_target_residual,shared_vector_field_r2_affine_gauge_mean,-0.69772711271455146
teacher_development_smoke,cadence-teacher-rnn-v1-smoke-development-00-812d24afe6ab,proposed_no_target_residual,shared_vector_field_cosine_affine_gauge_mean,-0.053635974915959651
teacher_development_smoke,cadence-teacher-rnn-v1-smoke-development-00-812d24afe6ab,proposed_no_target_residual,shared_operator_linear_cka_affine_gauge_mean,0.99723850695752581
teacher_development_smoke,cadence-teacher-rnn-v1-smoke-development-00-812d24afe6ab,proposed_no_target_residual,neural_observation_oracle_causal_skill_mean,0.056648619644154352
teacher_development_smoke,cadence-teacher-rnn-v1-smoke-development-00-812d24afe6ab,proposed_no_target_residual,behavior_observation_oracle_causal_skill_mean,1
teacher_development_smoke,cadence-teacher-rnn-v1-smoke-development-00-812d24afe6ab,proposed_no_target_residual,neural_condition_averaged_oracle_causal_skill_mean,0.29010410990727076
teacher_development_smoke,cadence-teacher-rnn-v1-smoke-development-00-812d24afe6ab,proposed_no_target_residual,behavior_condition_averaged_oracle_causal_skill_mean,1
teacher_development_smoke,cadence-teacher-rnn-v1-smoke-development-00-812d24afe6ab,zero_effect,neural_condition_averaged_causal_skill_mean,0
teacher_development_smoke,cadence-teacher-rnn-v1-smoke-development-00-812d24afe6ab,zero_effect,behavior_condition_averaged_causal_skill_mean,0
teacher_development_smoke,cadence-teacher-rnn-v1-smoke-development-00-812d24afe6ab,zero_effect,neural_pathwise_mean_causal_skill_mean,0
teacher_development_smoke,cadence-teacher-rnn-v1-smoke-development-00-812d24afe6ab,zero_effect,behavior_pathwise_mean_causal_skill_mean,0
teacher_development_smoke,cadence-teacher-rnn-v1-smoke-development-00-812d24afe6ab,zero_effect,gauge_true_h_neural_pathwise_mean_causal_skill_mean,0
teacher_development_smoke,cadence-teacher-rnn-v1-smoke-development-00-812d24afe6ab,zero_effect,gauge_true_h_neural_condition_averaged_causal_skill_mean,0
teacher_development_smoke,cadence-teacher-rnn-v1-smoke-development-00-812d24afe6ab,zero_effect,neural_causal_skill_mean,0
teacher_development_smoke,cadence-teacher-rnn-v1-smoke-development-00-812d24afe6ab,zero_effect,behavior_causal_skill_mean,0
teacher_development_smoke,cadence-teacher-rnn-v1-smoke-development-00-812d24afe6ab,zero_effect,neural_effect_nrmse_mean,0.16281668741493532
teacher_development_smoke,cadence-teacher-rnn-v1-smoke-development-00-812d24afe6ab,zero_effect,behavior_effect_nrmse_mean,0.4657105888838679
teacher_development_smoke,cadence-teacher-rnn-v1-smoke-development-00-812d24afe6ab,zero_effect,neural_treated_nrmse_mean,1.0338125729022158
teacher_development_smoke,cadence-teacher-rnn-v1-smoke-development-00-812d24afe6ab,zero_effect,behavior_treated_nrmse_mean,0.68583332934053087
teacher_development_smoke,cadence-teacher-rnn-v1-smoke-development-00-812d24afe6ab,zero_effect,latent_effect_skill_affine_gauge_mean,0
teacher_development_smoke,cadence-teacher-rnn-v1-smoke-development-00-812d24afe6ab,zero_effect,latent_treated_r2_affine_gauge_mean,0.18176564275399942
teacher_development_smoke,cadence-teacher-rnn-v1-smoke-development-00-812d24afe6ab,zero_effect,neural_observation_oracle_causal_skill_mean,0.056648619644154352
teacher_development_smoke,cadence-teacher-rnn-v1-smoke-development-00-812d24afe6ab,zero_effect,behavior_observation_oracle_causal_skill_mean,1
teacher_development_smoke,cadence-teacher-rnn-v1-smoke-development-00-812d24afe6ab,zero_effect,neural_condition_averaged_oracle_causal_skill_mean,0.29010410990727076
teacher_development_smoke,cadence-teacher-rnn-v1-smoke-development-00-812d24afe6ab,zero_effect,behavior_condition_averaged_oracle_causal_skill_mean,1
teacher_development_smoke,cadence-teacher-rnn-v1-smoke-development-01-36d8bc5a5cf8,additive,neural_condition_averaged_causal_skill_mean,0.078650368291357853
teacher_development_smoke,cadence-teacher-rnn-v1-smoke-development-01-36d8bc5a5cf8,additive,behavior_condition_averaged_causal_skill_mean,0.084339331595238876
teacher_development_smoke,cadence-teacher-rnn-v1-smoke-development-01-36d8bc5a5cf8,additive,neural_pathwise_mean_causal_skill_mean,0.10860840677988381
teacher_development_smoke,cadence-teacher-rnn-v1-smoke-development-01-36d8bc5a5cf8,additive,behavior_pathwise_mean_causal_skill_mean,0.083543558643252802
teacher_development_smoke,cadence-teacher-rnn-v1-smoke-development-01-36d8bc5a5cf8,additive,gauge_true_h_neural_pathwise_mean_causal_skill_mean,-0.52088047099287871
teacher_development_smoke,cadence-teacher-rnn-v1-smoke-development-01-36d8bc5a5cf8,additive,gauge_true_h_neural_condition_averaged_causal_skill_mean,-0.145339968069093
teacher_development_smoke,cadence-teacher-rnn-v1-smoke-development-01-36d8bc5a5cf8,additive,neural_causal_skill_mean,0.016658964793847986
teacher_development_smoke,cadence-teacher-rnn-v1-smoke-development-01-36d8bc5a5cf8,additive,behavior_causal_skill_mean,0.084108587340000707
teacher_development_smoke,cadence-teacher-rnn-v1-smoke-development-01-36d8bc5a5cf8,additive,neural_effect_nrmse_mean,0.17483420614141301
teacher_development_smoke,cadence-teacher-rnn-v1-smoke-development-01-36d8bc5a5cf8,additive,behavior_effect_nrmse_mean,0.39111376877934023
teacher_development_smoke,cadence-teacher-rnn-v1-smoke-development-01-36d8bc5a5cf8,additive,neural_treated_nrmse_mean,1.0016183540178858
teacher_development_smoke,cadence-teacher-rnn-v1-smoke-development-01-36d8bc5a5cf8,additive,behavior_treated_nrmse_mean,0.77525305703067271
teacher_development_smoke,cadence-teacher-rnn-v1-smoke-development-01-36d8bc5a5cf8,additive,latent_effect_skill_affine_gauge_mean,-0.82157924305095675
teacher_development_smoke,cadence-teacher-rnn-v1-smoke-development-01-36d8bc5a5cf8,additive,latent_treated_r2_affine_gauge_mean,-0.39515568700071158
teacher_development_smoke,cadence-teacher-rnn-v1-smoke-development-01-36d8bc5a5cf8,additive,shared_vector_field_r2_affine_gauge_mean,-0.3240147231999686
teacher_development_smoke,cadence-teacher-rnn-v1-smoke-development-01-36d8bc5a5cf8,additive,shared_vector_field_cosine_affine_gauge_mean,0.20404132075698561
teacher_development_smoke,cadence-teacher-rnn-v1-smoke-development-01-36d8bc5a5cf8,additive,shared_operator_linear_cka_affine_gauge_mean,0.997905325418876
teacher_development_smoke,cadence-teacher-rnn-v1-smoke-development-01-36d8bc5a5cf8,additive,neural_observation_oracle_causal_skill_mean,0.068382400701176183
teacher_development_smoke,cadence-teacher-rnn-v1-smoke-development-01-36d8bc5a5cf8,additive,behavior_observation_oracle_causal_skill_mean,1
teacher_development_smoke,cadence-teacher-rnn-v1-smoke-development-01-36d8bc5a5cf8,additive,neural_condition_averaged_oracle_causal_skill_mean,0.31344196550363923
teacher_development_smoke,cadence-teacher-rnn-v1-smoke-development-01-36d8bc5a5cf8,additive,behavior_condition_averaged_oracle_causal_skill_mean,1
teacher_development_smoke,cadence-teacher-rnn-v1-smoke-development-01-36d8bc5a5cf8,additive,query_coordinate_fraction_outside_normal_rollout_range,0.2814814814814815
teacher_development_smoke,cadence-teacher-rnn-v1-smoke-development-01-36d8bc5a5cf8,black_box,neural_condition_averaged_causal_skill_mean,0.068021881715568222
teacher_development_smoke,cadence-teacher-rnn-v1-smoke-development-01-36d8bc5a5cf8,black_box,behavior_condition_averaged_causal_skill_mean,0.51243681855379308
teacher_development_smoke,cadence-teacher-rnn-v1-smoke-development-01-36d8bc5a5cf8,black_box,neural_pathwise_mean_causal_skill_mean,0.18237792818560639
teacher_development_smoke,cadence-teacher-rnn-v1-smoke-development-01-36d8bc5a5cf8,black_box,behavior_pathwise_mean_causal_skill_mean,0.49364208590890657
teacher_development_smoke,cadence-teacher-rnn-v1-smoke-development-01-36d8bc5a5cf8,black_box,gauge_true_h_neural_pathwise_mean_causal_skill_mean,0.3462198458561041
teacher_development_smoke,cadence-teacher-rnn-v1-smoke-development-01-36d8bc5a5cf8,black_box,gauge_true_h_neural_condition_averaged_causal_skill_mean,0.12108795938712091
teacher_development_smoke,cadence-teacher-rnn-v1-smoke-development-01-36d8bc5a5cf8,black_box,neural_causal_skill_mean,0.015478046903535381
teacher_development_smoke,cadence-teacher-rnn-v1-smoke-development-01-36d8bc5a5cf8,black_box,behavior_causal_skill_mean,0.50675424905994515
teacher_development_smoke,cadence-teacher-rnn-v1-smoke-development-01-36d8bc5a5cf8,black_box,neural_effect_nrmse_mean,0.17493915594241091
teacher_development_smoke,cadence-teacher-rnn-v1-smoke-development-01-36d8bc5a5cf8,black_box,behavior_effect_nrmse_mean,0.28702041492560215
teacher_development_smoke,cadence-teacher-rnn-v1-smoke-development-01-36d8bc5a5cf8,black_box,neural_treated_nrmse_mean,1.0008941533028808
teacher_development_smoke,cadence-teacher-rnn-v1-smoke-development-01-36d8bc5a5cf8,black_box,behavior_treated_nrmse_mean,0.53400227109997633
teacher_development_smoke,cadence-teacher-rnn-v1-smoke-development-01-36d8bc5a5cf8,black_box,latent_effect_skill_affine_gauge_mean,0.34680387236341537
teacher_development_smoke,cadence-teacher-rnn-v1-smoke-development-01-36d8bc5a5cf8,black_box,latent_treated_r2_affine_gauge_mean,-0.16028218962968266
teacher_development_smoke,cadence-teacher-rnn-v1-smoke-development-01-36d8bc5a5cf8,black_box,shared_vector_field_r2_affine_gauge_mean,0.3849536778067113
teacher_development_smoke,cadence-teacher-rnn-v1-smoke-development-01-36d8bc5a5cf8,black_box,shared_vector_field_cosine_affine_gauge_mean,0.59452288569565193
teacher_development_smoke,cadence-teacher-rnn-v1-smoke-development-01-36d8bc5a5cf8,black_box,shared_operator_linear_cka_affine_gauge_mean,0.96226622252279803
teacher_development_smoke,cadence-teacher-rnn-v1-smoke-development-01-36d8bc5a5cf8,black_box,neural_observation_oracle_causal_skill_mean,0.068382400701176183
teacher_development_smoke,cadence-teacher-rnn-v1-smoke-development-01-36d8bc5a5cf8,black_box,behavior_observation_oracle_causal_skill_mean,1
teacher_development_smoke,cadence-teacher-rnn-v1-smoke-development-01-36d8bc5a5cf8,black_box,neural_condition_averaged_oracle_causal_skill_mean,0.31344196550363923
teacher_development_smoke,cadence-teacher-rnn-v1-smoke-development-01-36d8bc5a5cf8,black_box,behavior_condition_averaged_oracle_causal_skill_mean,1
teacher_development_smoke,cadence-teacher-rnn-v1-smoke-development-01-36d8bc5a5cf8,black_box,query_coordinate_fraction_outside_normal_rollout_range,0.024074074074074074
teacher_development_smoke,cadence-teacher-rnn-v1-smoke-development-01-36d8bc5a5cf8,linear,neural_condition_averaged_causal_skill_mean,0.083843322979462842
teacher_development_smoke,cadence-teacher-rnn-v1-smoke-development-01-36d8bc5a5cf8,linear,behavior_condition_averaged_causal_skill_mean,0.65238943682378414
teacher_development_smoke,cadence-teacher-rnn-v1-smoke-development-01-36d8bc5a5cf8,linear,neural_pathwise_mean_causal_skill_mean,0.23272718789877356
teacher_development_smoke,cadence-teacher-rnn-v1-smoke-development-01-36d8bc5a5cf8,linear,behavior_pathwise_mean_causal_skill_mean,0.640294426754768
teacher_development_smoke,cadence-teacher-rnn-v1-smoke-development-01-36d8bc5a5cf8,linear,gauge_true_h_neural_pathwise_mean_causal_skill_mean,0.45253887564532835
teacher_development_smoke,cadence-teacher-rnn-v1-smoke-development-01-36d8bc5a5cf8,linear,gauge_true_h_neural_condition_averaged_causal_skill_mean,0.15211411099167427
teacher_development_smoke,cadence-teacher-rnn-v1-smoke-development-01-36d8bc5a5cf8,linear,neural_causal_skill_mean,0.018090184834379186
teacher_development_smoke,cadence-teacher-rnn-v1-smoke-development-01-36d8bc5a5cf8,linear,behavior_causal_skill_mean,0.6498317403661199
teacher_development_smoke,cadence-teacher-rnn-v1-smoke-development-01-36d8bc5a5cf8,linear,neural_effect_nrmse_mean,0.17470692713751995
teacher_development_smoke,cadence-teacher-rnn-v1-smoke-development-01-36d8bc5a5cf8,linear,behavior_effect_nrmse_mean,0.24183519228446468
teacher_development_smoke,cadence-teacher-rnn-v1-smoke-development-01-36d8bc5a5cf8,linear,neural_treated_nrmse_mean,1.0009870606975111
teacher_development_smoke,cadence-teacher-rnn-v1-smoke-development-01-36d8bc5a5cf8,linear,behavior_treated_nrmse_mean,0.58658810346275048
teacher_development_smoke,cadence-teacher-rnn-v1-smoke-development-01-36d8bc5a5cf8,linear,latent_effect_skill_affine_gauge_mean,0.46220422003999551
teacher_development_smoke,cadence-teacher-rnn-v1-smoke-development-01-36d8bc5a5cf8,linear,latent_treated_r2_affine_gauge_mean,0.014753641405123252
teacher_development_smoke,cadence-teacher-rnn-v1-smoke-development-01-36d8bc5a5cf8,linear,shared_vector_field_r2_affine_gauge_mean,0.5446045371139473
teacher_development_smoke,cadence-teacher-rnn-v1-smoke-development-01-36d8bc5a5cf8,linear,shared_vector_field_cosine_affine_gauge_mean,0.89993609898626203
teacher_development_smoke,cadence-teacher-rnn-v1-smoke-development-01-36d8bc5a5cf8,linear,shared_operator_linear_cka_affine_gauge_mean,0.99790532330174497
teacher_development_smoke,cadence-teacher-rnn-v1-smoke-development-01-36d8bc5a5cf8,linear,neural_observation_oracle_causal_skill_mean,0.068382400701176183
teacher_development_smoke,cadence-teacher-rnn-v1-smoke-development-01-36d8bc5a5cf8,linear,behavior_observation_oracle_causal_skill_mean,1
teacher_development_smoke,cadence-teacher-rnn-v1-smoke-development-01-36d8bc5a5cf8,linear,neural_condition_averaged_oracle_causal_skill_mean,0.31344196550363923
teacher_development_smoke,cadence-teacher-rnn-v1-smoke-development-01-36d8bc5a5cf8,linear,behavior_condition_averaged_oracle_causal_skill_mean,1
teacher_development_smoke,cadence-teacher-rnn-v1-smoke-development-01-36d8bc5a5cf8,linear,query_coordinate_fraction_outside_normal_rollout_range,0.037962962962962962
teacher_development_smoke,cadence-teacher-rnn-v1-smoke-development-01-36d8bc5a5cf8,proposed,neural_condition_averaged_causal_skill_mean,0.06234519754502954
teacher_development_smoke,cadence-teacher-rnn-v1-smoke-development-01-36d8bc5a5cf8,proposed,behavior_condition_averaged_causal_skill_mean,0.24608014978401194
teacher_development_smoke,cadence-teacher-rnn-v1-smoke-development-01-36d8bc5a5cf8,proposed,neural_pathwise_mean_causal_skill_mean,0.19242703089370394
teacher_development_smoke,cadence-teacher-rnn-v1-smoke-development-01-36d8bc5a5cf8,proposed,behavior_pathwise_mean_causal_skill_mean,0.24285105983347788
teacher_development_smoke,cadence-teacher-rnn-v1-smoke-development-01-36d8bc5a5cf8,proposed,gauge_true_h_neural_pathwise_mean_causal_skill_mean,-0.12187556986150661
teacher_development_smoke,cadence-teacher-rnn-v1-smoke-development-01-36d8bc5a5cf8,proposed,gauge_true_h_neural_condition_averaged_causal_skill_mean,-0.045632972535083471
teacher_development_smoke,cadence-teacher-rnn-v1-smoke-development-01-36d8bc5a5cf8,proposed,neural_causal_skill_mean,0.013520251827820018
teacher_development_smoke,cadence-teacher-rnn-v1-smoke-development-01-36d8bc5a5cf8,proposed,behavior_causal_skill_mean,0.24555505902003816
teacher_development_smoke,cadence-teacher-rnn-v1-smoke-development-01-36d8bc5a5cf8,proposed,neural_effect_nrmse_mean,0.17511300931198989
teacher_development_smoke,cadence-teacher-rnn-v1-smoke-development-01-36d8bc5a5cf8,proposed,behavior_effect_nrmse_mean,0.35497264523520761
teacher_development_smoke,cadence-teacher-rnn-v1-smoke-development-01-36d8bc5a5cf8,proposed,neural_treated_nrmse_mean,1.0011886827012089
teacher_development_smoke,cadence-teacher-rnn-v1-smoke-development-01-36d8bc5a5cf8,proposed,behavior_treated_nrmse_mean,0.77062976592591514
teacher_development_smoke,cadence-teacher-rnn-v1-smoke-development-01-36d8bc5a5cf8,proposed,latent_effect_skill_affine_gauge_mean,-0.47720387403621767
teacher_development_smoke,cadence-teacher-rnn-v1-smoke-development-01-36d8bc5a5cf8,proposed,latent_treated_r2_affine_gauge_mean,-0.31771523617386355
teacher_development_smoke,cadence-teacher-rnn-v1-smoke-development-01-36d8bc5a5cf8,proposed,shared_vector_field_r2_affine_gauge_mean,0.25102849496473911
teacher_development_smoke,cadence-teacher-rnn-v1-smoke-development-01-36d8bc5a5cf8,proposed,shared_vector_field_cosine_affine_gauge_mean,0.73014940557687003
teacher_development_smoke,cadence-teacher-rnn-v1-smoke-development-01-36d8bc5a5cf8,proposed,shared_operator_linear_cka_affine_gauge_mean,0.99765721920428541
teacher_development_smoke,cadence-teacher-rnn-v1-smoke-development-01-36d8bc5a5cf8,proposed,neural_observation_oracle_causal_skill_mean,0.068382400701176183
teacher_development_smoke,cadence-teacher-rnn-v1-smoke-development-01-36d8bc5a5cf8,proposed,behavior_observation_oracle_causal_skill_mean,1
teacher_development_smoke,cadence-teacher-rnn-v1-smoke-development-01-36d8bc5a5cf8,proposed,neural_condition_averaged_oracle_causal_skill_mean,0.31344196550363923
teacher_development_smoke,cadence-teacher-rnn-v1-smoke-development-01-36d8bc5a5cf8,proposed,behavior_condition_averaged_oracle_causal_skill_mean,1
teacher_development_smoke,cadence-teacher-rnn-v1-smoke-development-01-36d8bc5a5cf8,proposed,query_coordinate_fraction_outside_normal_rollout_range,0.125
teacher_development_smoke,cadence-teacher-rnn-v1-smoke-development-01-36d8bc5a5cf8,proposed_native_decoder,neural_condition_averaged_causal_skill_mean,-0.15294531368707176
teacher_development_smoke,cadence-teacher-rnn-v1-smoke-development-01-36d8bc5a5cf8,proposed_native_decoder,behavior_condition_averaged_causal_skill_mean,0.24608014978401194
teacher_development_smoke,cadence-teacher-rnn-v1-smoke-development-01-36d8bc5a5cf8,proposed_native_decoder,neural_pathwise_mean_causal_skill_mean,-0.64522140856381327
teacher_development_smoke,cadence-teacher-rnn-v1-smoke-development-01-36d8bc5a5cf8,proposed_native_decoder,behavior_pathwise_mean_causal_skill_mean,0.24285105983347788
teacher_development_smoke,cadence-teacher-rnn-v1-smoke-development-01-36d8bc5a5cf8,proposed_native_decoder,gauge_true_h_neural_pathwise_mean_causal_skill_mean,-0.12187556986150661
teacher_development_smoke,cadence-teacher-rnn-v1-smoke-development-01-36d8bc5a5cf8,proposed_native_decoder,gauge_true_h_neural_condition_averaged_causal_skill_mean,-0.045632972535083471
teacher_development_smoke,cadence-teacher-rnn-v1-smoke-development-01-36d8bc5a5cf8,proposed_native_decoder,neural_causal_skill_mean,-0.032686845858617364
teacher_development_smoke,cadence-teacher-rnn-v1-smoke-development-01-36d8bc5a5cf8,proposed_native_decoder,behavior_causal_skill_mean,0.24555505902003816
teacher_development_smoke,cadence-teacher-rnn-v1-smoke-development-01-36d8bc5a5cf8,proposed_native_decoder,neural_effect_nrmse_mean,0.1791672579202922
teacher_development_smoke,cadence-teacher-rnn-v1-smoke-development-01-36d8bc5a5cf8,proposed_native_decoder,behavior_effect_nrmse_mean,0.35497264523520761
teacher_development_smoke,cadence-teacher-rnn-v1-smoke-development-01-36d8bc5a5cf8,proposed_native_decoder,neural_treated_nrmse_mean,1.0212283730889258
teacher_development_smoke,cadence-teacher-rnn-v1-smoke-development-01-36d8bc5a5cf8,proposed_native_decoder,behavior_treated_nrmse_mean,0.77062976592591514
teacher_development_smoke,cadence-teacher-rnn-v1-smoke-development-01-36d8bc5a5cf8,proposed_native_decoder,latent_effect_skill_affine_gauge_mean,-0.47720387403621767
teacher_development_smoke,cadence-teacher-rnn-v1-smoke-development-01-36d8bc5a5cf8,proposed_native_decoder,latent_treated_r2_affine_gauge_mean,-0.31771523617386355
teacher_development_smoke,cadence-teacher-rnn-v1-smoke-development-01-36d8bc5a5cf8,proposed_native_decoder,shared_vector_field_r2_affine_gauge_mean,0.25102849496473911
teacher_development_smoke,cadence-teacher-rnn-v1-smoke-development-01-36d8bc5a5cf8,proposed_native_decoder,shared_vector_field_cosine_affine_gauge_mean,0.73014940557687003
teacher_development_smoke,cadence-teacher-rnn-v1-smoke-development-01-36d8bc5a5cf8,proposed_native_decoder,shared_operator_linear_cka_affine_gauge_mean,0.99765721920428541
teacher_development_smoke,cadence-teacher-rnn-v1-smoke-development-01-36d8bc5a5cf8,proposed_native_decoder,neural_observation_oracle_causal_skill_mean,0.068382400701176183
teacher_development_smoke,cadence-teacher-rnn-v1-smoke-development-01-36d8bc5a5cf8,proposed_native_decoder,behavior_observation_oracle_causal_skill_mean,1
teacher_development_smoke,cadence-teacher-rnn-v1-smoke-development-01-36d8bc5a5cf8,proposed_native_decoder,neural_condition_averaged_oracle_causal_skill_mean,0.31344196550363923
teacher_development_smoke,cadence-teacher-rnn-v1-smoke-development-01-36d8bc5a5cf8,proposed_native_decoder,behavior_condition_averaged_oracle_causal_skill_mean,1
teacher_development_smoke,cadence-teacher-rnn-v1-smoke-development-01-36d8bc5a5cf8,proposed_no_target_adaptation,neural_condition_averaged_causal_skill_mean,-0.0074082375009101309
teacher_development_smoke,cadence-teacher-rnn-v1-smoke-development-01-36d8bc5a5cf8,proposed_no_target_adaptation,behavior_condition_averaged_causal_skill_mean,0.25610998860978351
teacher_development_smoke,cadence-teacher-rnn-v1-smoke-development-01-36d8bc5a5cf8,proposed_no_target_adaptation,neural_pathwise_mean_causal_skill_mean,-0.037776830734615796
teacher_development_smoke,cadence-teacher-rnn-v1-smoke-development-01-36d8bc5a5cf8,proposed_no_target_adaptation,behavior_pathwise_mean_causal_skill_mean,0.25184303660276552
teacher_development_smoke,cadence-teacher-rnn-v1-smoke-development-01-36d8bc5a5cf8,proposed_no_target_adaptation,gauge_true_h_neural_pathwise_mean_causal_skill_mean,-0.34017390138842352
teacher_development_smoke,cadence-teacher-rnn-v1-smoke-development-01-36d8bc5a5cf8,proposed_no_target_adaptation,gauge_true_h_neural_condition_averaged_causal_skill_mean,-0.15444984017458818
teacher_development_smoke,cadence-teacher-rnn-v1-smoke-development-01-36d8bc5a5cf8,proposed_no_target_adaptation,neural_causal_skill_mean,-0.0015716627089088497
teacher_development_smoke,cadence-teacher-rnn-v1-smoke-development-01-36d8bc5a5cf8,proposed_no_target_adaptation,behavior_causal_skill_mean,0.25559274728236481
teacher_development_smoke,cadence-teacher-rnn-v1-smoke-development-01-36d8bc5a5cf8,proposed_no_target_adaptation,neural_effect_nrmse_mean,0.17644743067742102
teacher_development_smoke,cadence-teacher-rnn-v1-smoke-development-01-36d8bc5a5cf8,proposed_no_target_adaptation,behavior_effect_nrmse_mean,0.35260332999300231
teacher_development_smoke,cadence-teacher-rnn-v1-smoke-development-01-36d8bc5a5cf8,proposed_no_target_adaptation,neural_treated_nrmse_mean,1.4519359564400178
teacher_development_smoke,cadence-teacher-rnn-v1-smoke-development-01-36d8bc5a5cf8,proposed_no_target_adaptation,behavior_treated_nrmse_mean,0.57737780818182127
teacher_development_smoke,cadence-teacher-rnn-v1-smoke-development-01-36d8bc5a5cf8,proposed_no_target_adaptation,latent_effect_skill_affine_gauge_mean,-0.12404919379679402
teacher_development_smoke,cadence-teacher-rnn-v1-smoke-development-01-36d8bc5a5cf8,proposed_no_target_adaptation,latent_treated_r2_affine_gauge_mean,-2.1101897470017001
teacher_development_smoke,cadence-teacher-rnn-v1-smoke-development-01-36d8bc5a5cf8,proposed_no_target_adaptation,shared_vector_field_r2_affine_gauge_mean,0.093245040348355013
teacher_development_smoke,cadence-teacher-rnn-v1-smoke-development-01-36d8bc5a5cf8,proposed_no_target_adaptation,shared_vector_field_cosine_affine_gauge_mean,0.41479008977815901
teacher_development_smoke,cadence-teacher-rnn-v1-smoke-development-01-36d8bc5a5cf8,proposed_no_target_adaptation,shared_operator_linear_cka_affine_gauge_mean,0.9972036489476821
teacher_development_smoke,cadence-teacher-rnn-v1-smoke-development-01-36d8bc5a5cf8,proposed_no_target_adaptation,neural_observation_oracle_causal_skill_mean,0.068382400701176183
teacher_development_smoke,cadence-teacher-rnn-v1-smoke-development-01-36d8bc5a5cf8,proposed_no_target_adaptation,behavior_observation_oracle_causal_skill_mean,1
teacher_development_smoke,cadence-teacher-rnn-v1-smoke-development-01-36d8bc5a5cf8,proposed_no_target_adaptation,neural_condition_averaged_oracle_causal_skill_mean,0.31344196550363923
teacher_development_smoke,cadence-teacher-rnn-v1-smoke-development-01-36d8bc5a5cf8,proposed_no_target_adaptation,behavior_condition_averaged_oracle_causal_skill_mean,1
teacher_development_smoke,cadence-teacher-rnn-v1-smoke-development-01-36d8bc5a5cf8,proposed_no_target_residual,neural_condition_averaged_causal_skill_mean,0.062281551362983745
teacher_development_smoke,cadence-teacher-rnn-v1-smoke-development-01-36d8bc5a5cf8,proposed_no_target_residual,behavior_condition_averaged_causal_skill_mean,0.24642024366630433
teacher_development_smoke,cadence-teacher-rnn-v1-smoke-development-01-36d8bc5a5cf8,proposed_no_target_residual,neural_pathwise_mean_causal_skill_mean,0.19233130257469411
teacher_development_smoke,cadence-teacher-rnn-v1-smoke-development-01-36d8bc5a5cf8,proposed_no_target_residual,behavior_pathwise_mean_causal_skill_mean,0.2431880018801057
teacher_development_smoke,cadence-teacher-rnn-v1-smoke-development-01-36d8bc5a5cf8,proposed_no_target_residual,gauge_true_h_neural_pathwise_mean_causal_skill_mean,-0.12695677116274107
teacher_development_smoke,cadence-teacher-rnn-v1-smoke-development-01-36d8bc5a5cf8,proposed_no_target_residual,gauge_true_h_neural_condition_averaged_causal_skill_mean,-0.047270309184233028
teacher_development_smoke,cadence-teacher-rnn-v1-smoke-development-01-36d8bc5a5cf8,proposed_no_target_residual,neural_causal_skill_mean,0.013506924567352807
teacher_development_smoke,cadence-teacher-rnn-v1-smoke-development-01-36d8bc5a5cf8,proposed_no_target_residual,behavior_causal_skill_mean,0.24589456198659965
teacher_development_smoke,cadence-teacher-rnn-v1-smoke-development-01-36d8bc5a5cf8,proposed_no_target_residual,neural_effect_nrmse_mean,0.17511419218918955
teacher_development_smoke,cadence-teacher-rnn-v1-smoke-development-01-36d8bc5a5cf8,proposed_no_target_residual,behavior_effect_nrmse_mean,0.35489276675728659
teacher_development_smoke,cadence-teacher-rnn-v1-smoke-development-01-36d8bc5a5cf8,proposed_no_target_residual,neural_treated_nrmse_mean,1.0012092549754965
teacher_development_smoke,cadence-teacher-rnn-v1-smoke-development-01-36d8bc5a5cf8,proposed_no_target_residual,behavior_treated_nrmse_mean,0.77070547234748965
teacher_development_smoke,cadence-teacher-rnn-v1-smoke-development-01-36d8bc5a5cf8,proposed_no_target_residual,latent_effect_skill_affine_gauge_mean,-0.48452832137909785
teacher_development_smoke,cadence-teacher-rnn-v1-smoke-development-01-36d8bc5a5cf8,proposed_no_target_residual,latent_treated_r2_affine_gauge_mean,-0.32669731229540089
teacher_development_smoke,cadence-teacher-rnn-v1-smoke-development-01-36d8bc5a5cf8,proposed_no_target_residual,shared_vector_field_r2_affine_gauge_mean,0.25102849496473911
teacher_development_smoke,cadence-teacher-rnn-v1-smoke-development-01-36d8bc5a5cf8,proposed_no_target_residual,shared_vector_field_cosine_affine_gauge_mean,0.73014940557687003
teacher_development_smoke,cadence-teacher-rnn-v1-smoke-development-01-36d8bc5a5cf8,proposed_no_target_residual,shared_operator_linear_cka_affine_gauge_mean,0.99765721920428541
teacher_development_smoke,cadence-teacher-rnn-v1-smoke-development-01-36d8bc5a5cf8,proposed_no_target_residual,neural_observation_oracle_causal_skill_mean,0.068382400701176183
teacher_development_smoke,cadence-teacher-rnn-v1-smoke-development-01-36d8bc5a5cf8,proposed_no_target_residual,behavior_observation_oracle_causal_skill_mean,1
teacher_development_smoke,cadence-teacher-rnn-v1-smoke-development-01-36d8bc5a5cf8,proposed_no_target_residual,neural_condition_averaged_oracle_causal_skill_mean,0.31344196550363923
teacher_development_smoke,cadence-teacher-rnn-v1-smoke-development-01-36d8bc5a5cf8,proposed_no_target_residual,behavior_condition_averaged_oracle_causal_skill_mean,1
teacher_development_smoke,cadence-teacher-rnn-v1-smoke-development-01-36d8bc5a5cf8,zero_effect,neural_condition_averaged_causal_skill_mean,0
teacher_development_smoke,cadence-teacher-rnn-v1-smoke-development-01-36d8bc5a5cf8,zero_effect,behavior_condition_averaged_causal_skill_mean,0
teacher_development_smoke,cadence-teacher-rnn-v1-smoke-development-01-36d8bc5a5cf8,zero_effect,neural_pathwise_mean_causal_skill_mean,0
teacher_development_smoke,cadence-teacher-rnn-v1-smoke-development-01-36d8bc5a5cf8,zero_effect,behavior_pathwise_mean_causal_skill_mean,0
teacher_development_smoke,cadence-teacher-rnn-v1-smoke-development-01-36d8bc5a5cf8,zero_effect,gauge_true_h_neural_pathwise_mean_causal_skill_mean,0
teacher_development_smoke,cadence-teacher-rnn-v1-smoke-development-01-36d8bc5a5cf8,zero_effect,gauge_true_h_neural_condition_averaged_causal_skill_mean,0
teacher_development_smoke,cadence-teacher-rnn-v1-smoke-development-01-36d8bc5a5cf8,zero_effect,neural_causal_skill_mean,0
teacher_development_smoke,cadence-teacher-rnn-v1-smoke-development-01-36d8bc5a5cf8,zero_effect,behavior_causal_skill_mean,0
teacher_development_smoke,cadence-teacher-rnn-v1-smoke-development-01-36d8bc5a5cf8,zero_effect,neural_effect_nrmse_mean,0.17630893598282757
teacher_development_smoke,cadence-teacher-rnn-v1-smoke-development-01-36d8bc5a5cf8,zero_effect,behavior_effect_nrmse_mean,0.40867786094059172
teacher_development_smoke,cadence-teacher-rnn-v1-smoke-development-01-36d8bc5a5cf8,zero_effect,neural_treated_nrmse_mean,1.0012703153178233
teacher_development_smoke,cadence-teacher-rnn-v1-smoke-development-01-36d8bc5a5cf8,zero_effect,behavior_treated_nrmse_mean,0.79443349602912439
teacher_development_smoke,cadence-teacher-rnn-v1-smoke-development-01-36d8bc5a5cf8,zero_effect,latent_effect_skill_affine_gauge_mean,0
teacher_development_smoke,cadence-teacher-rnn-v1-smoke-development-01-36d8bc5a5cf8,zero_effect,latent_treated_r2_affine_gauge_mean,-0.51116203482246614
teacher_development_smoke,cadence-teacher-rnn-v1-smoke-development-01-36d8bc5a5cf8,zero_effect,neural_observation_oracle_causal_skill_mean,0.068382400701176183
teacher_development_smoke,cadence-teacher-rnn-v1-smoke-development-01-36d8bc5a5cf8,zero_effect,behavior_observation_oracle_causal_skill_mean,1
teacher_development_smoke,cadence-teacher-rnn-v1-smoke-development-01-36d8bc5a5cf8,zero_effect,neural_condition_averaged_oracle_causal_skill_mean,0.31344196550363923
teacher_development_smoke,cadence-teacher-rnn-v1-smoke-development-01-36d8bc5a5cf8,zero_effect,behavior_condition_averaged_oracle_causal_skill_mean,1
teacher_development_smoke,cadence-teacher-rnn-v1-smoke-development-02-8c3bf4411ed2,additive,neural_condition_averaged_causal_skill_mean,-0.81971985992012097
teacher_development_smoke,cadence-teacher-rnn-v1-smoke-development-02-8c3bf4411ed2,additive,behavior_condition_averaged_causal_skill_mean,0.14133040069447966
teacher_development_smoke,cadence-teacher-rnn-v1-smoke-development-02-8c3bf4411ed2,additive,neural_pathwise_mean_causal_skill_mean,-2.1751276407235673
teacher_development_smoke,cadence-teacher-rnn-v1-smoke-development-02-8c3bf4411ed2,additive,behavior_pathwise_mean_causal_skill_mean,0.10891635082678364
teacher_development_smoke,cadence-teacher-rnn-v1-smoke-development-02-8c3bf4411ed2,additive,gauge_true_h_neural_pathwise_mean_causal_skill_mean,0.13787009117784654
teacher_development_smoke,cadence-teacher-rnn-v1-smoke-development-02-8c3bf4411ed2,additive,gauge_true_h_neural_condition_averaged_causal_skill_mean,0.054943534180049047
teacher_development_smoke,cadence-teacher-rnn-v1-smoke-development-02-8c3bf4411ed2,additive,neural_causal_skill_mean,-0.17356445085643024
teacher_development_smoke,cadence-teacher-rnn-v1-smoke-development-02-8c3bf4411ed2,additive,behavior_causal_skill_mean,0.14041829109135051
teacher_development_smoke,cadence-teacher-rnn-v1-smoke-development-02-8c3bf4411ed2,additive,neural_effect_nrmse_mean,0.18630573987781449
teacher_development_smoke,cadence-teacher-rnn-v1-smoke-development-02-8c3bf4411ed2,additive,behavior_effect_nrmse_mean,0.3739448304744406
teacher_development_smoke,cadence-teacher-rnn-v1-smoke-development-02-8c3bf4411ed2,additive,neural_treated_nrmse_mean,1.0128878255611393
teacher_development_smoke,cadence-teacher-rnn-v1-smoke-development-02-8c3bf4411ed2,additive,behavior_treated_nrmse_mean,0.89884711807353301
teacher_development_smoke,cadence-teacher-rnn-v1-smoke-development-02-8c3bf4411ed2,additive,latent_effect_skill_affine_gauge_mean,0.086628315027403313
teacher_development_smoke,cadence-teacher-rnn-v1-smoke-development-02-8c3bf4411ed2,additive,latent_treated_r2_affine_gauge_mean,0.098143855381691791
teacher_development_smoke,cadence-teacher-rnn-v1-smoke-development-02-8c3bf4411ed2,additive,shared_vector_field_r2_affine_gauge_mean,-0.10471166214144145
teacher_development_smoke,cadence-teacher-rnn-v1-smoke-development-02-8c3bf4411ed2,additive,shared_vector_field_cosine_affine_gauge_mean,0.035872776467750993
teacher_development_smoke,cadence-teacher-rnn-v1-smoke-development-02-8c3bf4411ed2,additive,shared_operator_linear_cka_affine_gauge_mean,0.99886771819898545
teacher_development_smoke,cadence-teacher-rnn-v1-smoke-development-02-8c3bf4411ed2,additive,neural_observation_oracle_causal_skill_mean,0.063088167705934839
teacher_development_smoke,cadence-teacher-rnn-v1-smoke-development-02-8c3bf4411ed2,additive,behavior_observation_oracle_causal_skill_mean,1
teacher_development_smoke,cadence-teacher-rnn-v1-smoke-development-02-8c3bf4411ed2,additive,neural_condition_averaged_oracle_causal_skill_mean,0.2934198518922021
teacher_development_smoke,cadence-teacher-rnn-v1-smoke-development-02-8c3bf4411ed2,additive,behavior_condition_averaged_oracle_causal_skill_mean,1
teacher_development_smoke,cadence-teacher-rnn-v1-smoke-development-02-8c3bf4411ed2,additive,query_coordinate_fraction_outside_normal_rollout_range,0.18981481481481483
teacher_development_smoke,cadence-teacher-rnn-v1-smoke-development-02-8c3bf4411ed2,black_box,neural_condition_averaged_causal_skill_mean,0.022365638834797807
teacher_development_smoke,cadence-teacher-rnn-v1-smoke-development-02-8c3bf4411ed2,black_box,behavior_condition_averaged_causal_skill_mean,0.51658644747524818
teacher_development_smoke,cadence-teacher-rnn-v1-smoke-development-02-8c3bf4411ed2,black_box,neural_pathwise_mean_causal_skill_mean,0.0049265139513726686
teacher_development_smoke,cadence-teacher-rnn-v1-smoke-development-02-8c3bf4411ed2,black_box,behavior_pathwise_mean_causal_skill_mean,0.49535246675284006
teacher_development_smoke,cadence-teacher-rnn-v1-smoke-development-02-8c3bf4411ed2,black_box,gauge_true_h_neural_pathwise_mean_causal_skill_mean,-0.33209926856677852
teacher_development_smoke,cadence-teacher-rnn-v1-smoke-development-02-8c3bf4411ed2,black_box,gauge_true_h_neural_condition_averaged_causal_skill_mean,-0.037856952726459392
teacher_development_smoke,cadence-teacher-rnn-v1-smoke-development-02-8c3bf4411ed2,black_box,neural_causal_skill_mean,0.0041823528219756545
teacher_development_smoke,cadence-teacher-rnn-v1-smoke-development-02-8c3bf4411ed2,black_box,behavior_causal_skill_mean,0.48836695859993451
teacher_development_smoke,cadence-teacher-rnn-v1-smoke-development-02-8c3bf4411ed2,black_box,neural_effect_nrmse_mean,0.17161793484106111
teacher_development_smoke,cadence-teacher-rnn-v1-smoke-development-02-8c3bf4411ed2,black_box,behavior_effect_nrmse_mean,0.28849828964669383
teacher_development_smoke,cadence-teacher-rnn-v1-smoke-development-02-8c3bf4411ed2,black_box,neural_treated_nrmse_mean,1.0083748758770361
teacher_development_smoke,cadence-teacher-rnn-v1-smoke-development-02-8c3bf4411ed2,black_box,behavior_treated_nrmse_mean,0.8496224134310596
teacher_development_smoke,cadence-teacher-rnn-v1-smoke-development-02-8c3bf4411ed2,black_box,latent_effect_skill_affine_gauge_mean,-0.61104755668688449
teacher_development_smoke,cadence-teacher-rnn-v1-smoke-development-02-8c3bf4411ed2,black_box,latent_treated_r2_affine_gauge_mean,-0.39438920616927353
teacher_development_smoke,cadence-teacher-rnn-v1-smoke-development-02-8c3bf4411ed2,black_box,shared_vector_field_r2_affine_gauge_mean,-1.6812029059646427
teacher_development_smoke,cadence-teacher-rnn-v1-smoke-development-02-8c3bf4411ed2,black_box,shared_vector_field_cosine_affine_gauge_mean,-0.076514185921935526
teacher_development_smoke,cadence-teacher-rnn-v1-smoke-development-02-8c3bf4411ed2,black_box,shared_operator_linear_cka_affine_gauge_mean,0.6457654886494838
teacher_development_smoke,cadence-teacher-rnn-v1-smoke-development-02-8c3bf4411ed2,black_box,neural_observation_oracle_causal_skill_mean,0.063088167705934839
teacher_development_smoke,cadence-teacher-rnn-v1-smoke-development-02-8c3bf4411ed2,black_box,behavior_observation_oracle_causal_skill_mean,1
teacher_development_smoke,cadence-teacher-rnn-v1-smoke-development-02-8c3bf4411ed2,black_box,neural_condition_averaged_oracle_causal_skill_mean,0.2934198518922021
teacher_development_smoke,cadence-teacher-rnn-v1-smoke-development-02-8c3bf4411ed2,black_box,behavior_condition_averaged_oracle_causal_skill_mean,1
teacher_development_smoke,cadence-teacher-rnn-v1-smoke-development-02-8c3bf4411ed2,black_box,query_coordinate_fraction_outside_normal_rollout_range,0.10277777777777777
teacher_development_smoke,cadence-teacher-rnn-v1-smoke-development-02-8c3bf4411ed2,linear,neural_condition_averaged_causal_skill_mean,-0.049509642245096908
teacher_development_smoke,cadence-teacher-rnn-v1-smoke-development-02-8c3bf4411ed2,linear,behavior_condition_averaged_causal_skill_mean,0.77091403610814524
teacher_development_smoke,cadence-teacher-rnn-v1-smoke-development-02-8c3bf4411ed2,linear,neural_pathwise_mean_causal_skill_mean,-0.26167042389342465
teacher_development_smoke,cadence-teacher-rnn-v1-smoke-development-02-8c3bf4411ed2,linear,behavior_pathwise_mean_causal_skill_mean,0.75338669225967925
teacher_development_smoke,cadence-teacher-rnn-v1-smoke-development-02-8c3bf4411ed2,linear,gauge_true_h_neural_pathwise_mean_causal_skill_mean,0.61909944664062155
teacher_development_smoke,cadence-teacher-rnn-v1-smoke-development-02-8c3bf4411ed2,linear,gauge_true_h_neural_condition_averaged_causal_skill_mean,0.2103297164631891
teacher_development_smoke,cadence-teacher-rnn-v1-smoke-development-02-8c3bf4411ed2,linear,neural_causal_skill_mean,-0.010646643668211775
teacher_development_smoke,cadence-teacher-rnn-v1-smoke-development-02-8c3bf4411ed2,linear,behavior_causal_skill_mean,0.76146914396126142
teacher_development_smoke,cadence-teacher-rnn-v1-smoke-development-02-8c3bf4411ed2,linear,neural_effect_nrmse_mean,0.17289101800502363
teacher_development_smoke,cadence-teacher-rnn-v1-smoke-development-02-8c3bf4411ed2,linear,behavior_effect_nrmse_mean,0.19698639592956402
teacher_development_smoke,cadence-teacher-rnn-v1-smoke-development-02-8c3bf4411ed2,linear,neural_treated_nrmse_mean,1.0102612067057264
teacher_development_smoke,cadence-teacher-rnn-v1-smoke-development-02-8c3bf4411ed2,linear,behavior_treated_nrmse_mean,0.60517475127264553
teacher_development_smoke,cadence-teacher-rnn-v1-smoke-development-02-8c3bf4411ed2,linear,latent_effect_skill_affine_gauge_mean,0.57752995372765659
teacher_development_smoke,cadence-teacher-rnn-v1-smoke-development-02-8c3bf4411ed2,linear,latent_treated_r2_affine_gauge_mean,0.5409794052721637
teacher_development_smoke,cadence-teacher-rnn-v1-smoke-development-02-8c3bf4411ed2,linear,shared_vector_field_r2_affine_gauge_mean,0.42922216867920415
teacher_development_smoke,cadence-teacher-rnn-v1-smoke-development-02-8c3bf4411ed2,linear,shared_vector_field_cosine_affine_gauge_mean,0.6889397441488444
teacher_development_smoke,cadence-teacher-rnn-v1-smoke-development-02-8c3bf4411ed2,linear,shared_operator_linear_cka_affine_gauge_mean,0.99886771814574393
teacher_development_smoke,cadence-teacher-rnn-v1-smoke-development-02-8c3bf4411ed2,linear,neural_observation_oracle_causal_skill_mean,0.063088167705934839
teacher_development_smoke,cadence-teacher-rnn-v1-smoke-development-02-8c3bf4411ed2,linear,behavior_observation_oracle_causal_skill_mean,1
teacher_development_smoke,cadence-teacher-rnn-v1-smoke-development-02-8c3bf4411ed2,linear,neural_condition_averaged_oracle_causal_skill_mean,0.2934198518922021
teacher_development_smoke,cadence-teacher-rnn-v1-smoke-development-02-8c3bf4411ed2,linear,behavior_condition_averaged_oracle_causal_skill_mean,1
teacher_development_smoke,cadence-teacher-rnn-v1-smoke-development-02-8c3bf4411ed2,linear,query_coordinate_fraction_outside_normal_rollout_range,0.14444444444444443
teacher_development_smoke,cadence-teacher-rnn-v1-smoke-development-02-8c3bf4411ed2,proposed,neural_condition_averaged_causal_skill_mean,0.014101311908561898
teacher_development_smoke,cadence-teacher-rnn-v1-smoke-development-02-8c3bf4411ed2,proposed,behavior_condition_averaged_causal_skill_mean,0.75728904687632748
teacher_development_smoke,cadence-teacher-rnn-v1-smoke-development-02-8c3bf4411ed2,proposed,neural_pathwise_mean_causal_skill_mean,-0.049261963923459495
teacher_development_smoke,cadence-teacher-rnn-v1-smoke-development-02-8c3bf4411ed2,proposed,behavior_pathwise_mean_causal_skill_mean,0.74677009331831801
teacher_development_smoke,cadence-teacher-rnn-v1-smoke-development-02-8c3bf4411ed2,proposed,gauge_true_h_neural_pathwise_mean_causal_skill_mean,0.64020369788696796
teacher_development_smoke,cadence-teacher-rnn-v1-smoke-development-02-8c3bf4411ed2,proposed,gauge_true_h_neural_condition_averaged_causal_skill_mean,0.2208403770541737
teacher_development_smoke,cadence-teacher-rnn-v1-smoke-development-02-8c3bf4411ed2,proposed,neural_causal_skill_mean,0.0029508526723505124
teacher_development_smoke,cadence-teacher-rnn-v1-smoke-development-02-8c3bf4411ed2,proposed,behavior_causal_skill_mean,0.75180590173751416
teacher_development_smoke,cadence-teacher-rnn-v1-smoke-development-02-8c3bf4411ed2,proposed,neural_effect_nrmse_mean,0.17172401963053022
teacher_development_smoke,cadence-teacher-rnn-v1-smoke-development-02-8c3bf4411ed2,proposed,behavior_effect_nrmse_mean,0.20093688999520071
teacher_development_smoke,cadence-teacher-rnn-v1-smoke-development-02-8c3bf4411ed2,proposed,neural_treated_nrmse_mean,1.0091103380830289
teacher_development_smoke,cadence-teacher-rnn-v1-smoke-development-02-8c3bf4411ed2,proposed,behavior_treated_nrmse_mean,0.73249757410793948
teacher_development_smoke,cadence-teacher-rnn-v1-smoke-development-02-8c3bf4411ed2,proposed,latent_effect_skill_affine_gauge_mean,0.5508001668280913
teacher_development_smoke,cadence-teacher-rnn-v1-smoke-development-02-8c3bf4411ed2,proposed,latent_treated_r2_affine_gauge_mean,0.5777059452205715
teacher_development_smoke,cadence-teacher-rnn-v1-smoke-development-02-8c3bf4411ed2,proposed,shared_vector_field_r2_affine_gauge_mean,0.39517903826433687
teacher_development_smoke,cadence-teacher-rnn-v1-smoke-development-02-8c3bf4411ed2,proposed,shared_vector_field_cosine_affine_gauge_mean,0.66350996286126107
teacher_development_smoke,cadence-teacher-rnn-v1-smoke-development-02-8c3bf4411ed2,proposed,shared_operator_linear_cka_affine_gauge_mean,0.99868411370941956
teacher_development_smoke,cadence-teacher-rnn-v1-smoke-development-02-8c3bf4411ed2,proposed,neural_observation_oracle_causal_skill_mean,0.063088167705934839
teacher_development_smoke,cadence-teacher-rnn-v1-smoke-development-02-8c3bf4411ed2,proposed,behavior_observation_oracle_causal_skill_mean,1
teacher_development_smoke,cadence-teacher-rnn-v1-smoke-development-02-8c3bf4411ed2,proposed,neural_condition_averaged_oracle_causal_skill_mean,0.2934198518922021
teacher_development_smoke,cadence-teacher-rnn-v1-smoke-development-02-8c3bf4411ed2,proposed,behavior_condition_averaged_oracle_causal_skill_mean,1
teacher_development_smoke,cadence-teacher-rnn-v1-smoke-development-02-8c3bf4411ed2,proposed,query_coordinate_fraction_outside_normal_rollout_range,0.07407407407407407
teacher_development_smoke,cadence-teacher-rnn-v1-smoke-development-02-8c3bf4411ed2,proposed_native_decoder,neural_condition_averaged_causal_skill_mean,0.12966050991153211
teacher_development_smoke,cadence-teacher-rnn-v1-smoke-development-02-8c3bf4411ed2,proposed_native_decoder,behavior_condition_averaged_causal_skill_mean,0.75728904687632748
teacher_development_smoke,cadence-teacher-rnn-v1-smoke-development-02-8c3bf4411ed2,proposed_native_decoder,neural_pathwise_mean_causal_skill_mean,0.067704566200137428
teacher_development_smoke,cadence-teacher-rnn-v1-smoke-development-02-8c3bf4411ed2,proposed_native_decoder,behavior_pathwise_mean_causal_skill_mean,0.74677009331831801
teacher_development_smoke,cadence-teacher-rnn-v1-smoke-development-02-8c3bf4411ed2,proposed_native_decoder,gauge_true_h_neural_pathwise_mean_causal_skill_mean,0.64020369788696796
teacher_development_smoke,cadence-teacher-rnn-v1-smoke-development-02-8c3bf4411ed2,proposed_native_decoder,gauge_true_h_neural_condition_averaged_causal_skill_mean,0.2208403770541737
teacher_development_smoke,cadence-teacher-rnn-v1-smoke-development-02-8c3bf4411ed2,proposed_native_decoder,neural_causal_skill_mean,0.025124667580859184
teacher_development_smoke,cadence-teacher-rnn-v1-smoke-development-02-8c3bf4411ed2,proposed_native_decoder,behavior_causal_skill_mean,0.75180590173751416
teacher_development_smoke,cadence-teacher-rnn-v1-smoke-development-02-8c3bf4411ed2,proposed_native_decoder,neural_effect_nrmse_mean,0.1698037601938065
teacher_development_smoke,cadence-teacher-rnn-v1-smoke-development-02-8c3bf4411ed2,proposed_native_decoder,behavior_effect_nrmse_mean,0.20093688999520071
teacher_development_smoke,cadence-teacher-rnn-v1-smoke-development-02-8c3bf4411ed2,proposed_native_decoder,neural_treated_nrmse_mean,1.036120146235987
teacher_development_smoke,cadence-teacher-rnn-v1-smoke-development-02-8c3bf4411ed2,proposed_native_decoder,behavior_treated_nrmse_mean,0.73249757410793948
teacher_development_smoke,cadence-teacher-rnn-v1-smoke-development-02-8c3bf4411ed2,proposed_native_decoder,latent_effect_skill_affine_gauge_mean,0.5508001668280913
teacher_development_smoke,cadence-teacher-rnn-v1-smoke-development-02-8c3bf4411ed2,proposed_native_decoder,latent_treated_r2_affine_gauge_mean,0.5777059452205715
teacher_development_smoke,cadence-teacher-rnn-v1-smoke-development-02-8c3bf4411ed2,proposed_native_decoder,shared_vector_field_r2_affine_gauge_mean,0.39517903826433687
teacher_development_smoke,cadence-teacher-rnn-v1-smoke-development-02-8c3bf4411ed2,proposed_native_decoder,shared_vector_field_cosine_affine_gauge_mean,0.66350996286126107
teacher_development_smoke,cadence-teacher-rnn-v1-smoke-development-02-8c3bf4411ed2,proposed_native_decoder,shared_operator_linear_cka_affine_gauge_mean,0.99868411370941956
teacher_development_smoke,cadence-teacher-rnn-v1-smoke-development-02-8c3bf4411ed2,proposed_native_decoder,neural_observation_oracle_causal_skill_mean,0.063088167705934839
teacher_development_smoke,cadence-teacher-rnn-v1-smoke-development-02-8c3bf4411ed2,proposed_native_decoder,behavior_observation_oracle_causal_skill_mean,1
teacher_development_smoke,cadence-teacher-rnn-v1-smoke-development-02-8c3bf4411ed2,proposed_native_decoder,neural_condition_averaged_oracle_causal_skill_mean,0.2934198518922021
teacher_development_smoke,cadence-teacher-rnn-v1-smoke-development-02-8c3bf4411ed2,proposed_native_decoder,behavior_condition_averaged_oracle_causal_skill_mean,1
teacher_development_smoke,cadence-teacher-rnn-v1-smoke-development-02-8c3bf4411ed2,proposed_no_target_adaptation,neural_condition_averaged_causal_skill_mean,0.0010480741123439774
teacher_development_smoke,cadence-teacher-rnn-v1-smoke-development-02-8c3bf4411ed2,proposed_no_target_adaptation,behavior_condition_averaged_causal_skill_mean,0.71705931607955931
teacher_development_smoke,cadence-teacher-rnn-v1-smoke-development-02-8c3bf4411ed2,proposed_no_target_adaptation,neural_pathwise_mean_causal_skill_mean,0.0040832683216277532
teacher_development_smoke,cadence-teacher-rnn-v1-smoke-development-02-8c3bf4411ed2,proposed_no_target_adaptation,behavior_pathwise_mean_causal_skill_mean,0.70052363772564141
teacher_development_smoke,cadence-teacher-rnn-v1-smoke-development-02-8c3bf4411ed2,proposed_no_target_adaptation,gauge_true_h_neural_pathwise_mean_causal_skill_mean,-0.53912304843736747
teacher_development_smoke,cadence-teacher-rnn-v1-smoke-development-02-8c3bf4411ed2,proposed_no_target_adaptation,gauge_true_h_neural_condition_averaged_causal_skill_mean,-0.2140192559001648
teacher_development_smoke,cadence-teacher-rnn-v1-smoke-development-02-8c3bf4411ed2,proposed_no_target_adaptation,neural_causal_skill_mean,0.00022629215076030995
teacher_development_smoke,cadence-teacher-rnn-v1-smoke-development-02-8c3bf4411ed2,proposed_no_target_adaptation,behavior_causal_skill_mean,0.71176808656449131
teacher_development_smoke,cadence-teacher-rnn-v1-smoke-development-02-8c3bf4411ed2,proposed_no_target_adaptation,neural_effect_nrmse_mean,0.17195848815788975
teacher_development_smoke,cadence-teacher-rnn-v1-smoke-development-02-8c3bf4411ed2,proposed_no_target_adaptation,behavior_effect_nrmse_mean,0.21653842990048219
teacher_development_smoke,cadence-teacher-rnn-v1-smoke-development-02-8c3bf4411ed2,proposed_no_target_adaptation,neural_treated_nrmse_mean,1.4587963089542362
teacher_development_smoke,cadence-teacher-rnn-v1-smoke-development-02-8c3bf4411ed2,proposed_no_target_adaptation,behavior_treated_nrmse_mean,0.92200083429944435
teacher_development_smoke,cadence-teacher-rnn-v1-smoke-development-02-8c3bf4411ed2,proposed_no_target_adaptation,latent_effect_skill_affine_gauge_mean,-0.48792039278892152
teacher_development_smoke,cadence-teacher-rnn-v1-smoke-development-02-8c3bf4411ed2,proposed_no_target_adaptation,latent_treated_r2_affine_gauge_mean,-0.9131783464430907
teacher_development_smoke,cadence-teacher-rnn-v1-smoke-development-02-8c3bf4411ed2,proposed_no_target_adaptation,shared_vector_field_r2_affine_gauge_mean,-0.70525409606833978
teacher_development_smoke,cadence-teacher-rnn-v1-smoke-development-02-8c3bf4411ed2,proposed_no_target_adaptation,shared_vector_field_cosine_affine_gauge_mean,-0.69748050584415855
teacher_development_smoke,cadence-teacher-rnn-v1-smoke-development-02-8c3bf4411ed2,proposed_no_target_adaptation,shared_operator_linear_cka_affine_gauge_mean,0.99884279021780398
teacher_development_smoke,cadence-teacher-rnn-v1-smoke-development-02-8c3bf4411ed2,proposed_no_target_adaptation,neural_observation_oracle_causal_skill_mean,0.063088167705934839
teacher_development_smoke,cadence-teacher-rnn-v1-smoke-development-02-8c3bf4411ed2,proposed_no_target_adaptation,behavior_observation_oracle_causal_skill_mean,1
teacher_development_smoke,cadence-teacher-rnn-v1-smoke-development-02-8c3bf4411ed2,proposed_no_target_adaptation,neural_condition_averaged_oracle_causal_skill_mean,0.2934198518922021
teacher_development_smoke,cadence-teacher-rnn-v1-smoke-development-02-8c3bf4411ed2,proposed_no_target_adaptation,behavior_condition_averaged_oracle_causal_skill_mean,1
teacher_development_smoke,cadence-teacher-rnn-v1-smoke-development-02-8c3bf4411ed2,proposed_no_target_residual,neural_condition_averaged_causal_skill_mean,0.014216736646460837
teacher_development_smoke,cadence-teacher-rnn-v1-smoke-development-02-8c3bf4411ed2,proposed_no_target_residual,behavior_condition_averaged_causal_skill_mean,0.75769404591635947
teacher_development_smoke,cadence-teacher-rnn-v1-smoke-development-02-8c3bf4411ed2,proposed_no_target_residual,neural_pathwise_mean_causal_skill_mean,-0.049026035889150776
teacher_development_smoke,cadence-teacher-rnn-v1-smoke-development-02-8c3bf4411ed2,proposed_no_target_residual,behavior_pathwise_mean_causal_skill_mean,0.74722518839919427
teacher_development_smoke,cadence-teacher-rnn-v1-smoke-development-02-8c3bf4411ed2,proposed_no_target_residual,gauge_true_h_neural_pathwise_mean_causal_skill_mean,0.6405560567093429
teacher_development_smoke,cadence-teacher-rnn-v1-smoke-development-02-8c3bf4411ed2,proposed_no_target_residual,gauge_true_h_neural_condition_averaged_causal_skill_mean,0.22083697673771119
teacher_development_smoke,cadence-teacher-rnn-v1-smoke-development-02-8c3bf4411ed2,proposed_no_target_residual,neural_causal_skill_mean,0.0029748808843088614
teacher_development_smoke,cadence-teacher-rnn-v1-smoke-development-02-8c3bf4411ed2,proposed_no_target_residual,behavior_causal_skill_mean,0.75222086742407979
teacher_development_smoke,cadence-teacher-rnn-v1-smoke-development-02-8c3bf4411ed2,proposed_no_target_residual,neural_effect_nrmse_mean,0.17172195040153926
teacher_development_smoke,cadence-teacher-rnn-v1-smoke-development-02-8c3bf4411ed2,proposed_no_target_residual,behavior_effect_nrmse_mean,0.20076884249395746
teacher_development_smoke,cadence-teacher-rnn-v1-smoke-development-02-8c3bf4411ed2,proposed_no_target_residual,neural_treated_nrmse_mean,1.0091486382456387
teacher_development_smoke,cadence-teacher-rnn-v1-smoke-development-02-8c3bf4411ed2,proposed_no_target_residual,behavior_treated_nrmse_mean,0.72940771150764383
teacher_development_smoke,cadence-teacher-rnn-v1-smoke-development-02-8c3bf4411ed2,proposed_no_target_residual,latent_effect_skill_affine_gauge_mean,0.55114057908782987
teacher_development_smoke,cadence-teacher-rnn-v1-smoke-development-02-8c3bf4411ed2,proposed_no_target_residual,latent_treated_r2_affine_gauge_mean,0.58148062672971412
teacher_development_smoke,cadence-teacher-rnn-v1-smoke-development-02-8c3bf4411ed2,proposed_no_target_residual,shared_vector_field_r2_affine_gauge_mean,0.39517903826433687
teacher_development_smoke,cadence-teacher-rnn-v1-smoke-development-02-8c3bf4411ed2,proposed_no_target_residual,shared_vector_field_cosine_affine_gauge_mean,0.66350996286126107
teacher_development_smoke,cadence-teacher-rnn-v1-smoke-development-02-8c3bf4411ed2,proposed_no_target_residual,shared_operator_linear_cka_affine_gauge_mean,0.99868411370941956
teacher_development_smoke,cadence-teacher-rnn-v1-smoke-development-02-8c3bf4411ed2,proposed_no_target_residual,neural_observation_oracle_causal_skill_mean,0.063088167705934839
teacher_development_smoke,cadence-teacher-rnn-v1-smoke-development-02-8c3bf4411ed2,proposed_no_target_residual,behavior_observation_oracle_causal_skill_mean,1
teacher_development_smoke,cadence-teacher-rnn-v1-smoke-development-02-8c3bf4411ed2,proposed_no_target_residual,neural_condition_averaged_oracle_causal_skill_mean,0.2934198518922021
teacher_development_smoke,cadence-teacher-rnn-v1-smoke-development-02-8c3bf4411ed2,proposed_no_target_residual,behavior_condition_averaged_oracle_causal_skill_mean,1
teacher_development_smoke,cadence-teacher-rnn-v1-smoke-development-02-8c3bf4411ed2,zero_effect,neural_condition_averaged_causal_skill_mean,0
teacher_development_smoke,cadence-teacher-rnn-v1-smoke-development-02-8c3bf4411ed2,zero_effect,behavior_condition_averaged_causal_skill_mean,0
teacher_development_smoke,cadence-teacher-rnn-v1-smoke-development-02-8c3bf4411ed2,zero_effect,neural_pathwise_mean_causal_skill_mean,0
teacher_development_smoke,cadence-teacher-rnn-v1-smoke-development-02-8c3bf4411ed2,zero_effect,behavior_pathwise_mean_causal_skill_mean,0
teacher_development_smoke,cadence-teacher-rnn-v1-smoke-development-02-8c3bf4411ed2,zero_effect,gauge_true_h_neural_pathwise_mean_causal_skill_mean,0
teacher_development_smoke,cadence-teacher-rnn-v1-smoke-development-02-8c3bf4411ed2,zero_effect,gauge_true_h_neural_condition_averaged_causal_skill_mean,0
teacher_development_smoke,cadence-teacher-rnn-v1-smoke-development-02-8c3bf4411ed2,zero_effect,neural_causal_skill_mean,0
teacher_development_smoke,cadence-teacher-rnn-v1-smoke-development-02-8c3bf4411ed2,zero_effect,behavior_causal_skill_mean,0
teacher_development_smoke,cadence-teacher-rnn-v1-smoke-development-02-8c3bf4411ed2,zero_effect,neural_effect_nrmse_mean,0.17197794788870366
teacher_development_smoke,cadence-teacher-rnn-v1-smoke-development-02-8c3bf4411ed2,zero_effect,behavior_effect_nrmse_mean,0.40333318048393818
teacher_development_smoke,cadence-teacher-rnn-v1-smoke-development-02-8c3bf4411ed2,zero_effect,neural_treated_nrmse_mean,1.0091795416406255
teacher_development_smoke,cadence-teacher-rnn-v1-smoke-development-02-8c3bf4411ed2,zero_effect,behavior_treated_nrmse_mean,0.74457632754087733
teacher_development_smoke,cadence-teacher-rnn-v1-smoke-development-02-8c3bf4411ed2,zero_effect,latent_effect_skill_affine_gauge_mean,0
teacher_development_smoke,cadence-teacher-rnn-v1-smoke-development-02-8c3bf4411ed2,zero_effect,latent_treated_r2_affine_gauge_mean,0.51637139366949314
teacher_development_smoke,cadence-teacher-rnn-v1-smoke-development-02-8c3bf4411ed2,zero_effect,neural_observation_oracle_causal_skill_mean,0.063088167705934839
teacher_development_smoke,cadence-teacher-rnn-v1-smoke-development-02-8c3bf4411ed2,zero_effect,behavior_observation_oracle_causal_skill_mean,1
teacher_development_smoke,cadence-teacher-rnn-v1-smoke-development-02-8c3bf4411ed2,zero_effect,neural_condition_averaged_oracle_causal_skill_mean,0.2934198518922021
teacher_development_smoke,cadence-teacher-rnn-v1-smoke-development-02-8c3bf4411ed2,zero_effect,behavior_condition_averaged_oracle_causal_skill_mean,1
teacher_development_smoke,cadence-teacher-rnn-v1-smoke-development-03-25c8dab454b4,additive,neural_condition_averaged_causal_skill_mean,-0.02928432532137526
teacher_development_smoke,cadence-teacher-rnn-v1-smoke-development-03-25c8dab454b4,additive,behavior_condition_averaged_causal_skill_mean,0.85064592616227841
teacher_development_smoke,cadence-teacher-rnn-v1-smoke-development-03-25c8dab454b4,additive,neural_pathwise_mean_causal_skill_mean,-0.088010525129881945
teacher_development_smoke,cadence-teacher-rnn-v1-smoke-development-03-25c8dab454b4,additive,behavior_pathwise_mean_causal_skill_mean,0.8518339981181986
teacher_development_smoke,cadence-teacher-rnn-v1-smoke-development-03-25c8dab454b4,additive,gauge_true_h_neural_pathwise_mean_causal_skill_mean,0.70882762828774948
teacher_development_smoke,cadence-teacher-rnn-v1-smoke-development-03-25c8dab454b4,additive,gauge_true_h_neural_condition_averaged_causal_skill_mean,0.2128376085656134
teacher_development_smoke,cadence-teacher-rnn-v1-smoke-development-03-25c8dab454b4,additive,neural_causal_skill_mean,-0.0070281681904869053
teacher_development_smoke,cadence-teacher-rnn-v1-smoke-development-03-25c8dab454b4,additive,behavior_causal_skill_mean,0.84810005389887322
teacher_development_smoke,cadence-teacher-rnn-v1-smoke-development-03-25c8dab454b4,additive,neural_effect_nrmse_mean,0.18705697431725457
teacher_development_smoke,cadence-teacher-rnn-v1-smoke-development-03-25c8dab454b4,additive,behavior_effect_nrmse_mean,0.19599853738316264
teacher_development_smoke,cadence-teacher-rnn-v1-smoke-development-03-25c8dab454b4,additive,neural_treated_nrmse_mean,1.0191250227804647
teacher_development_smoke,cadence-teacher-rnn-v1-smoke-development-03-25c8dab454b4,additive,behavior_treated_nrmse_mean,0.67760467114618694
teacher_development_smoke,cadence-teacher-rnn-v1-smoke-development-03-25c8dab454b4,additive,latent_effect_skill_affine_gauge_mean,0.68755957298831338
teacher_development_smoke,cadence-teacher-rnn-v1-smoke-development-03-25c8dab454b4,additive,latent_treated_r2_affine_gauge_mean,-0.051616946125366381
teacher_development_smoke,cadence-teacher-rnn-v1-smoke-development-03-25c8dab454b4,additive,shared_vector_field_r2_affine_gauge_mean,0.48171950326503643
teacher_development_smoke,cadence-teacher-rnn-v1-smoke-development-03-25c8dab454b4,additive,shared_vector_field_cosine_affine_gauge_mean,0.89572129740857998
teacher_development_smoke,cadence-teacher-rnn-v1-smoke-development-03-25c8dab454b4,additive,shared_operator_linear_cka_affine_gauge_mean,0.98533145213066964
teacher_development_smoke,cadence-teacher-rnn-v1-smoke-development-03-25c8dab454b4,additive,neural_observation_oracle_causal_skill_mean,0.077780240809371071
teacher_development_smoke,cadence-teacher-rnn-v1-smoke-development-03-25c8dab454b4,additive,behavior_observation_oracle_causal_skill_mean,1
teacher_development_smoke,cadence-teacher-rnn-v1-smoke-development-03-25c8dab454b4,additive,neural_condition_averaged_oracle_causal_skill_mean,0.31882310949842529
teacher_development_smoke,cadence-teacher-rnn-v1-smoke-development-03-25c8dab454b4,additive,behavior_condition_averaged_oracle_causal_skill_mean,1
teacher_development_smoke,cadence-teacher-rnn-v1-smoke-development-03-25c8dab454b4,additive,query_coordinate_fraction_outside_normal_rollout_range,0.22314814814814815
teacher_development_smoke,cadence-teacher-rnn-v1-smoke-development-03-25c8dab454b4,black_box,neural_condition_averaged_causal_skill_mean,0.024677232321709042
teacher_development_smoke,cadence-teacher-rnn-v1-smoke-development-03-25c8dab454b4,black_box,behavior_condition_averaged_causal_skill_mean,0.81258565145896944
teacher_development_smoke,cadence-teacher-rnn-v1-smoke-development-03-25c8dab454b4,black_box,neural_pathwise_mean_causal_skill_mean,0.072800363944414359
teacher_development_smoke,cadence-teacher-rnn-v1-smoke-development-03-25c8dab454b4,black_box,behavior_pathwise_mean_causal_skill_mean,0.80544284528351817
teacher_development_smoke,cadence-teacher-rnn-v1-smoke-development-03-25c8dab454b4,black_box,gauge_true_h_neural_pathwise_mean_causal_skill_mean,0.71280097994580838
teacher_development_smoke,cadence-teacher-rnn-v1-smoke-development-03-25c8dab454b4,black_box,gauge_true_h_neural_condition_averaged_causal_skill_mean,0.22945603409801751
teacher_development_smoke,cadence-teacher-rnn-v1-smoke-development-03-25c8dab454b4,black_box,neural_causal_skill_mean,0.0055002899266016758
teacher_development_smoke,cadence-teacher-rnn-v1-smoke-development-03-25c8dab454b4,black_box,behavior_causal_skill_mean,0.80230958799785079
teacher_development_smoke,cadence-teacher-rnn-v1-smoke-development-03-25c8dab454b4,black_box,neural_effect_nrmse_mean,0.18588974273792319
teacher_development_smoke,cadence-teacher-rnn-v1-smoke-development-03-25c8dab454b4,black_box,behavior_effect_nrmse_mean,0.22359743841942648
teacher_development_smoke,cadence-teacher-rnn-v1-smoke-development-03-25c8dab454b4,black_box,neural_treated_nrmse_mean,1.0192984943199777
teacher_development_smoke,cadence-teacher-rnn-v1-smoke-development-03-25c8dab454b4,black_box,behavior_treated_nrmse_mean,0.68645366977065403
teacher_development_smoke,cadence-teacher-rnn-v1-smoke-development-03-25c8dab454b4,black_box,latent_effect_skill_affine_gauge_mean,0.62097833628626553
teacher_development_smoke,cadence-teacher-rnn-v1-smoke-development-03-25c8dab454b4,black_box,latent_treated_r2_affine_gauge_mean,-0.16975670182597291
teacher_development_smoke,cadence-teacher-rnn-v1-smoke-development-03-25c8dab454b4,black_box,shared_vector_field_r2_affine_gauge_mean,0.37562477932103688
teacher_development_smoke,cadence-teacher-rnn-v1-smoke-development-03-25c8dab454b4,black_box,shared_vector_field_cosine_affine_gauge_mean,0.88468403409967211
teacher_development_smoke,cadence-teacher-rnn-v1-smoke-development-03-25c8dab454b4,black_box,shared_operator_linear_cka_affine_gauge_mean,0.63431816606066316
teacher_development_smoke,cadence-teacher-rnn-v1-smoke-development-03-25c8dab454b4,black_box,neural_observation_oracle_causal_skill_mean,0.077780240809371071
teacher_development_smoke,cadence-teacher-rnn-v1-smoke-development-03-25c8dab454b4,black_box,behavior_observation_oracle_causal_skill_mean,1
teacher_development_smoke,cadence-teacher-rnn-v1-smoke-development-03-25c8dab454b4,black_box,neural_condition_averaged_oracle_causal_skill_mean,0.31882310949842529
teacher_development_smoke,cadence-teacher-rnn-v1-smoke-development-03-25c8dab454b4,black_box,behavior_condition_averaged_oracle_causal_skill_mean,1
teacher_development_smoke,cadence-teacher-rnn-v1-smoke-development-03-25c8dab454b4,black_box,query_coordinate_fraction_outside_normal_rollout_range,0.039814814814814817
teacher_development_smoke,cadence-teacher-rnn-v1-smoke-development-03-25c8dab454b4,linear,neural_condition_averaged_causal_skill_mean,-0.061595113461522244
teacher_development_smoke,cadence-teacher-rnn-v1-smoke-development-03-25c8dab454b4,linear,behavior_condition_averaged_causal_skill_mean,-0.0037364142269644685
teacher_development_smoke,cadence-teacher-rnn-v1-smoke-development-03-25c8dab454b4,linear,neural_pathwise_mean_causal_skill_mean,-0.2532420444672463
teacher_development_smoke,cadence-teacher-rnn-v1-smoke-development-03-25c8dab454b4,linear,behavior_pathwise_mean_causal_skill_mean,-0.011188377017997242
teacher_development_smoke,cadence-teacher-rnn-v1-smoke-development-03-25c8dab454b4,linear,gauge_true_h_neural_pathwise_mean_causal_skill_mean,0.50252298890434521
teacher_development_smoke,cadence-teacher-rnn-v1-smoke-development-03-25c8dab454b4,linear,gauge_true_h_neural_condition_averaged_causal_skill_mean,0.16045215016816583
teacher_development_smoke,cadence-teacher-rnn-v1-smoke-development-03-25c8dab454b4,linear,neural_causal_skill_mean,-0.014524491115571081
teacher_development_smoke,cadence-teacher-rnn-v1-smoke-development-03-25c8dab454b4,linear,behavior_causal_skill_mean,-0.0037440244405526624
teacher_development_smoke,cadence-teacher-rnn-v1-smoke-development-03-25c8dab454b4,linear,neural_effect_nrmse_mean,0.1877519099841238
teacher_development_smoke,cadence-teacher-rnn-v1-smoke-development-03-25c8dab454b4,linear,behavior_effect_nrmse_mean,0.50383172103876384
teacher_development_smoke,cadence-teacher-rnn-v1-smoke-development-03-25c8dab454b4,linear,neural_treated_nrmse_mean,1.01747845138486
teacher_development_smoke,cadence-teacher-rnn-v1-smoke-development-03-25c8dab454b4,linear,behavior_treated_nrmse_mean,0.96134866249720241
teacher_development_smoke,cadence-teacher-rnn-v1-smoke-development-03-25c8dab454b4,linear,latent_effect_skill_affine_gauge_mean,0.50113933377530306
teacher_development_smoke,cadence-teacher-rnn-v1-smoke-development-03-25c8dab454b4,linear,latent_treated_r2_affine_gauge_mean,0.02133644940391255
teacher_development_smoke,cadence-teacher-rnn-v1-smoke-development-03-25c8dab454b4,linear,shared_vector_field_r2_affine_gauge_mean,-0.47191342815919413
teacher_development_smoke,cadence-teacher-rnn-v1-smoke-development-03-25c8dab454b4,linear,shared_vector_field_cosine_affine_gauge_mean,0.60800707207165583
teacher_development_smoke,cadence-teacher-rnn-v1-smoke-development-03-25c8dab454b4,linear,shared_operator_linear_cka_affine_gauge_mean,0.9853314331622719
teacher_development_smoke,cadence-teacher-rnn-v1-smoke-development-03-25c8dab454b4,linear,neural_observation_oracle_causal_skill_mean,0.077780240809371071
teacher_development_smoke,cadence-teacher-rnn-v1-smoke-development-03-25c8dab454b4,linear,behavior_observation_oracle_causal_skill_mean,1
teacher_development_smoke,cadence-teacher-rnn-v1-smoke-development-03-25c8dab454b4,linear,neural_condition_averaged_oracle_causal_skill_mean,0.31882310949842529
teacher_development_smoke,cadence-teacher-rnn-v1-smoke-development-03-25c8dab454b4,linear,behavior_condition_averaged_oracle_causal_skill_mean,1
teacher_development_smoke,cadence-teacher-rnn-v1-smoke-development-03-25c8dab454b4,linear,query_coordinate_fraction_outside_normal_rollout_range,0.20462962962962963
teacher_development_smoke,cadence-teacher-rnn-v1-smoke-development-03-25c8dab454b4,proposed,neural_condition_averaged_causal_skill_mean,0.012073653281549079
teacher_development_smoke,cadence-teacher-rnn-v1-smoke-development-03-25c8dab454b4,proposed,behavior_condition_averaged_causal_skill_mean,0.98195290224156406
teacher_development_smoke,cadence-teacher-rnn-v1-smoke-development-03-25c8dab454b4,proposed,neural_pathwise_mean_causal_skill_mean,0.031519538906202071
teacher_development_smoke,cadence-teacher-rnn-v1-smoke-development-03-25c8dab454b4,proposed,behavior_pathwise_mean_causal_skill_mean,0.97966844831025734
teacher_development_smoke,cadence-teacher-rnn-v1-smoke-development-03-25c8dab454b4,proposed,gauge_true_h_neural_pathwise_mean_causal_skill_mean,0.82926403320687148
teacher_development_smoke,cadence-teacher-rnn-v1-smoke-development-03-25c8dab454b4,proposed,gauge_true_h_neural_condition_averaged_causal_skill_mean,0.26794310196891569
teacher_development_smoke,cadence-teacher-rnn-v1-smoke-development-03-25c8dab454b4,proposed,neural_causal_skill_mean,0.0028076088887408757
teacher_development_smoke,cadence-teacher-rnn-v1-smoke-development-03-25c8dab454b4,proposed,behavior_causal_skill_mean,0.9795416601381205
teacher_development_smoke,cadence-teacher-rnn-v1-smoke-development-03-25c8dab454b4,proposed,neural_effect_nrmse_mean,0.18614122769303551
teacher_development_smoke,cadence-teacher-rnn-v1-smoke-development-03-25c8dab454b4,proposed,behavior_effect_nrmse_mean,0.071929860016286998
teacher_development_smoke,cadence-teacher-rnn-v1-smoke-development-03-25c8dab454b4,proposed,neural_treated_nrmse_mean,1.0190148642119137
teacher_development_smoke,cadence-teacher-rnn-v1-smoke-development-03-25c8dab454b4,proposed,behavior_treated_nrmse_mean,0.47987618176256985
teacher_development_smoke,cadence-teacher-rnn-v1-smoke-development-03-25c8dab454b4,proposed,latent_effect_skill_affine_gauge_mean,0.83244648184158032
teacher_development_smoke,cadence-teacher-rnn-v1-smoke-development-03-25c8dab454b4,proposed,latent_treated_r2_affine_gauge_mean,0.31635007139865512
teacher_development_smoke,cadence-teacher-rnn-v1-smoke-development-03-25c8dab454b4,proposed,shared_vector_field_r2_affine_gauge_mean,0.79082552440271947
teacher_development_smoke,cadence-teacher-rnn-v1-smoke-development-03-25c8dab454b4,proposed,shared_vector_field_cosine_affine_gauge_mean,0.95463510167127963
teacher_development_smoke,cadence-teacher-rnn-v1-smoke-development-03-25c8dab454b4,proposed,shared_operator_linear_cka_affine_gauge_mean,0.95969019776407938
teacher_development_smoke,cadence-teacher-rnn-v1-smoke-development-03-25c8dab454b4,proposed,neural_observation_oracle_causal_skill_mean,0.077780240809371071
teacher_development_smoke,cadence-teacher-rnn-v1-smoke-development-03-25c8dab454b4,proposed,behavior_observation_oracle_causal_skill_mean,1
teacher_development_smoke,cadence-teacher-rnn-v1-smoke-development-03-25c8dab454b4,proposed,neural_condition_averaged_oracle_causal_skill_mean,0.31882310949842529
teacher_development_smoke,cadence-teacher-rnn-v1-smoke-development-03-25c8dab454b4,proposed,behavior_condition_averaged_oracle_causal_skill_mean,1
teacher_development_smoke,cadence-teacher-rnn-v1-smoke-development-03-25c8dab454b4,proposed,query_coordinate_fraction_outside_normal_rollout_range,0.03425925925925926
teacher_development_smoke,cadence-teacher-rnn-v1-smoke-development-03-25c8dab454b4,proposed_native_decoder,neural_condition_averaged_causal_skill_mean,0.035340018321621147
teacher_development_smoke,cadence-teacher-rnn-v1-smoke-development-03-25c8dab454b4,proposed_native_decoder,behavior_condition_averaged_causal_skill_mean,0.98195290224156406
teacher_development_smoke,cadence-teacher-rnn-v1-smoke-development-03-25c8dab454b4,proposed_native_decoder,neural_pathwise_mean_causal_skill_mean,0.11373569877894685
teacher_development_smoke,cadence-teacher-rnn-v1-smoke-development-03-25c8dab454b4,proposed_native_decoder,behavior_pathwise_mean_causal_skill_mean,0.97966844831025734
teacher_development_smoke,cadence-teacher-rnn-v1-smoke-development-03-25c8dab454b4,proposed_native_decoder,gauge_true_h_neural_pathwise_mean_causal_skill_mean,0.82926403320687148
teacher_development_smoke,cadence-teacher-rnn-v1-smoke-development-03-25c8dab454b4,proposed_native_decoder,gauge_true_h_neural_condition_averaged_causal_skill_mean,0.26794310196891569
teacher_development_smoke,cadence-teacher-rnn-v1-smoke-development-03-25c8dab454b4,proposed_native_decoder,neural_causal_skill_mean,0.0091832055266806156
teacher_development_smoke,cadence-teacher-rnn-v1-smoke-development-03-25c8dab454b4,proposed_native_decoder,behavior_causal_skill_mean,0.9795416601381205
teacher_development_smoke,cadence-teacher-rnn-v1-smoke-development-03-25c8dab454b4,proposed_native_decoder,neural_effect_nrmse_mean,0.18554522215382965
teacher_development_smoke,cadence-teacher-rnn-v1-smoke-development-03-25c8dab454b4,proposed_native_decoder,behavior_effect_nrmse_mean,0.071929860016286998
teacher_development_smoke,cadence-teacher-rnn-v1-smoke-development-03-25c8dab454b4,proposed_native_decoder,neural_treated_nrmse_mean,1.040992882657692
teacher_development_smoke,cadence-teacher-rnn-v1-smoke-development-03-25c8dab454b4,proposed_native_decoder,behavior_treated_nrmse_mean,0.47987618176256985
teacher_development_smoke,cadence-teacher-rnn-v1-smoke-development-03-25c8dab454b4,proposed_native_decoder,latent_effect_skill_affine_gauge_mean,0.83244648184158032
teacher_development_smoke,cadence-teacher-rnn-v1-smoke-development-03-25c8dab454b4,proposed_native_decoder,latent_treated_r2_affine_gauge_mean,0.31635007139865512
teacher_development_smoke,cadence-teacher-rnn-v1-smoke-development-03-25c8dab454b4,proposed_native_decoder,shared_vector_field_r2_affine_gauge_mean,0.79082552440271947
teacher_development_smoke,cadence-teacher-rnn-v1-smoke-development-03-25c8dab454b4,proposed_native_decoder,shared_vector_field_cosine_affine_gauge_mean,0.95463510167127963
teacher_development_smoke,cadence-teacher-rnn-v1-smoke-development-03-25c8dab454b4,proposed_native_decoder,shared_operator_linear_cka_affine_gauge_mean,0.95969019776407938
teacher_development_smoke,cadence-teacher-rnn-v1-smoke-development-03-25c8dab454b4,proposed_native_decoder,neural_observation_oracle_causal_skill_mean,0.077780240809371071
teacher_development_smoke,cadence-teacher-rnn-v1-smoke-development-03-25c8dab454b4,proposed_native_decoder,behavior_observation_oracle_causal_skill_mean,1
teacher_development_smoke,cadence-teacher-rnn-v1-smoke-development-03-25c8dab454b4,proposed_native_decoder,neural_condition_averaged_oracle_causal_skill_mean,0.31882310949842529
teacher_development_smoke,cadence-teacher-rnn-v1-smoke-development-03-25c8dab454b4,proposed_native_decoder,behavior_condition_averaged_oracle_causal_skill_mean,1
teacher_development_smoke,cadence-teacher-rnn-v1-smoke-development-03-25c8dab454b4,proposed_no_target_adaptation,neural_condition_averaged_causal_skill_mean,0.002177834888149377
teacher_development_smoke,cadence-teacher-rnn-v1-smoke-development-03-25c8dab454b4,proposed_no_target_adaptation,behavior_condition_averaged_causal_skill_mean,0.96997506219728924
teacher_development_smoke,cadence-teacher-rnn-v1-smoke-development-03-25c8dab454b4,proposed_no_target_adaptation,neural_pathwise_mean_causal_skill_mean,0.0043144363233490468
teacher_development_smoke,cadence-teacher-rnn-v1-smoke-development-03-25c8dab454b4,proposed_no_target_adaptation,behavior_pathwise_mean_causal_skill_mean,0.96874894410966084
teacher_development_smoke,cadence-teacher-rnn-v1-smoke-development-03-25c8dab454b4,proposed_no_target_adaptation,gauge_true_h_neural_pathwise_mean_causal_skill_mean,0.06475419954525341
teacher_development_smoke,cadence-teacher-rnn-v1-smoke-development-03-25c8dab454b4,proposed_no_target_adaptation,gauge_true_h_neural_condition_averaged_causal_skill_mean,0.0093837537795410375
teacher_development_smoke,cadence-teacher-rnn-v1-smoke-development-03-25c8dab454b4,proposed_no_target_adaptation,neural_causal_skill_mean,0.00051823759861724383
teacher_development_smoke,cadence-teacher-rnn-v1-smoke-development-03-25c8dab454b4,proposed_no_target_adaptation,behavior_causal_skill_mean,0.96804756981587148
teacher_development_smoke,cadence-teacher-rnn-v1-smoke-development-03-25c8dab454b4,proposed_no_target_adaptation,neural_effect_nrmse_mean,0.18635477829681862
teacher_development_smoke,cadence-teacher-rnn-v1-smoke-development-03-25c8dab454b4,proposed_no_target_adaptation,behavior_effect_nrmse_mean,0.089893019358491949
teacher_development_smoke,cadence-teacher-rnn-v1-smoke-development-03-25c8dab454b4,proposed_no_target_adaptation,neural_treated_nrmse_mean,1.4622463774997652
teacher_development_smoke,cadence-teacher-rnn-v1-smoke-development-03-25c8dab454b4,proposed_no_target_adaptation,behavior_treated_nrmse_mean,0.72416523729410143
teacher_development_smoke,cadence-teacher-rnn-v1-smoke-development-03-25c8dab454b4,proposed_no_target_adaptation,latent_effect_skill_affine_gauge_mean,0.064821294022097353
teacher_development_smoke,cadence-teacher-rnn-v1-smoke-development-03-25c8dab454b4,proposed_no_target_adaptation,latent_treated_r2_affine_gauge_mean,-0.97914760095920994
teacher_development_smoke,cadence-teacher-rnn-v1-smoke-development-03-25c8dab454b4,proposed_no_target_adaptation,shared_vector_field_r2_affine_gauge_mean,-1.0063277727822646
teacher_development_smoke,cadence-teacher-rnn-v1-smoke-development-03-25c8dab454b4,proposed_no_target_adaptation,shared_vector_field_cosine_affine_gauge_mean,0.27877168014675374
teacher_development_smoke,cadence-teacher-rnn-v1-smoke-development-03-25c8dab454b4,proposed_no_target_adaptation,shared_operator_linear_cka_affine_gauge_mean,0.98219612028012671
teacher_development_smoke,cadence-teacher-rnn-v1-smoke-development-03-25c8dab454b4,proposed_no_target_adaptation,neural_observation_oracle_causal_skill_mean,0.077780240809371071
teacher_development_smoke,cadence-teacher-rnn-v1-smoke-development-03-25c8dab454b4,proposed_no_target_adaptation,behavior_observation_oracle_causal_skill_mean,1
teacher_development_smoke,cadence-teacher-rnn-v1-smoke-development-03-25c8dab454b4,proposed_no_target_adaptation,neural_condition_averaged_oracle_causal_skill_mean,0.31882310949842529
teacher_development_smoke,cadence-teacher-rnn-v1-smoke-development-03-25c8dab454b4,proposed_no_target_adaptation,behavior_condition_averaged_oracle_causal_skill_mean,1
teacher_development_smoke,cadence-teacher-rnn-v1-smoke-development-03-25c8dab454b4,proposed_no_target_residual,neural_condition_averaged_causal_skill_mean,0.012077176133754586
teacher_development_smoke,cadence-teacher-rnn-v1-smoke-development-03-25c8dab454b4,proposed_no_target_residual,behavior_condition_averaged_causal_skill_mean,0.982018150183816
teacher_development_smoke,cadence-teacher-rnn-v1-smoke-development-03-25c8dab454b4,proposed_no_target_residual,neural_pathwise_mean_causal_skill_mean,0.03152778779296439
teacher_development_smoke,cadence-teacher-rnn-v1-smoke-development-03-25c8dab454b4,proposed_no_target_residual,behavior_pathwise_mean_causal_skill_mean,0.97972738661586922
teacher_development_smoke,cadence-teacher-rnn-v1-smoke-development-03-25c8dab454b4,proposed_no_target_residual,gauge_true_h_neural_pathwise_mean_causal_skill_mean,0.82945806274316125
teacher_development_smoke,cadence-teacher-rnn-v1-smoke-development-03-25c8dab454b4,proposed_no_target_residual,gauge_true_h_neural_condition_averaged_causal_skill_mean,0.26799128776555614
teacher_development_smoke,cadence-teacher-rnn-v1-smoke-development-03-25c8dab454b4,proposed_no_target_residual,neural_causal_skill_mean,0.0028084043601127595
teacher_development_smoke,cadence-teacher-rnn-v1-smoke-development-03-25c8dab454b4,proposed_no_target_residual,behavior_causal_skill_mean,0.97960276667208734
teacher_development_smoke,cadence-teacher-rnn-v1-smoke-development-03-25c8dab454b4,proposed_no_target_residual,neural_effect_nrmse_mean,0.18614115344956525
teacher_development_smoke,cadence-teacher-rnn-v1-smoke-development-03-25c8dab454b4,proposed_no_target_residual,behavior_effect_nrmse_mean,0.071822356878388102
teacher_development_smoke,cadence-teacher-rnn-v1-smoke-development-03-25c8dab454b4,proposed_no_target_residual,neural_treated_nrmse_mean,1.0190145433673485
teacher_development_smoke,cadence-teacher-rnn-v1-smoke-development-03-25c8dab454b4,proposed_no_target_residual,behavior_treated_nrmse_mean,0.47970615867446825
teacher_development_smoke,cadence-teacher-rnn-v1-smoke-development-03-25c8dab454b4,proposed_no_target_residual,latent_effect_skill_affine_gauge_mean,0.8326096117836741
teacher_development_smoke,cadence-teacher-rnn-v1-smoke-development-03-25c8dab454b4,proposed_no_target_residual,latent_treated_r2_affine_gauge_mean,0.3164566520174712
teacher_development_smoke,cadence-teacher-rnn-v1-smoke-development-03-25c8dab454b4,proposed_no_target_residual,shared_vector_field_r2_affine_gauge_mean,0.79082552440271947
teacher_development_smoke,cadence-teacher-rnn-v1-smoke-development-03-25c8dab454b4,proposed_no_target_residual,shared_vector_field_cosine_affine_gauge_mean,0.95463510167127963
teacher_development_smoke,cadence-teacher-rnn-v1-smoke-development-03-25c8dab454b4,proposed_no_target_residual,shared_operator_linear_cka_affine_gauge_mean,0.95969019776407938
teacher_development_smoke,cadence-teacher-rnn-v1-smoke-development-03-25c8dab454b4,proposed_no_target_residual,neural_observation_oracle_causal_skill_mean,0.077780240809371071
teacher_development_smoke,cadence-teacher-rnn-v1-smoke-development-03-25c8dab454b4,proposed_no_target_residual,behavior_observation_oracle_causal_skill_mean,1
teacher_development_smoke,cadence-teacher-rnn-v1-smoke-development-03-25c8dab454b4,proposed_no_target_residual,neural_condition_averaged_oracle_causal_skill_mean,0.31882310949842529
teacher_development_smoke,cadence-teacher-rnn-v1-smoke-development-03-25c8dab454b4,proposed_no_target_residual,behavior_condition_averaged_oracle_causal_skill_mean,1
teacher_development_smoke,cadence-teacher-rnn-v1-smoke-development-03-25c8dab454b4,zero_effect,neural_condition_averaged_causal_skill_mean,0
teacher_development_smoke,cadence-teacher-rnn-v1-smoke-development-03-25c8dab454b4,zero_effect,behavior_condition_averaged_causal_skill_mean,0
teacher_development_smoke,cadence-teacher-rnn-v1-smoke-development-03-25c8dab454b4,zero_effect,neural_pathwise_mean_causal_skill_mean,0
teacher_development_smoke,cadence-teacher-rnn-v1-smoke-development-03-25c8dab454b4,zero_effect,behavior_pathwise_mean_causal_skill_mean,0
teacher_development_smoke,cadence-teacher-rnn-v1-smoke-development-03-25c8dab454b4,zero_effect,gauge_true_h_neural_pathwise_mean_causal_skill_mean,0
teacher_development_smoke,cadence-teacher-rnn-v1-smoke-development-03-25c8dab454b4,zero_effect,gauge_true_h_neural_condition_averaged_causal_skill_mean,0
teacher_development_smoke,cadence-teacher-rnn-v1-smoke-development-03-25c8dab454b4,zero_effect,neural_causal_skill_mean,0
teacher_development_smoke,cadence-teacher-rnn-v1-smoke-development-03-25c8dab454b4,zero_effect,behavior_causal_skill_mean,0
teacher_development_smoke,cadence-teacher-rnn-v1-smoke-development-03-25c8dab454b4,zero_effect,neural_effect_nrmse_mean,0.18640308509982859
teacher_development_smoke,cadence-teacher-rnn-v1-smoke-development-03-25c8dab454b4,zero_effect,behavior_effect_nrmse_mean,0.50289118212804407
teacher_development_smoke,cadence-teacher-rnn-v1-smoke-development-03-25c8dab454b4,zero_effect,neural_treated_nrmse_mean,1.0189622738530622
teacher_development_smoke,cadence-teacher-rnn-v1-smoke-development-03-25c8dab454b4,zero_effect,behavior_treated_nrmse_mean,0.69522474521571831
teacher_development_smoke,cadence-teacher-rnn-v1-smoke-development-03-25c8dab454b4,zero_effect,latent_effect_skill_affine_gauge_mean,0
teacher_development_smoke,cadence-teacher-rnn-v1-smoke-development-03-25c8dab454b4,zero_effect,latent_treated_r2_affine_gauge_mean,-0.09845165447409121
teacher_development_smoke,cadence-teacher-rnn-v1-smoke-development-03-25c8dab454b4,zero_effect,neural_observation_oracle_causal_skill_mean,0.077780240809371071
teacher_development_smoke,cadence-teacher-rnn-v1-smoke-development-03-25c8dab454b4,zero_effect,behavior_observation_oracle_causal_skill_mean,1
teacher_development_smoke,cadence-teacher-rnn-v1-smoke-development-03-25c8dab454b4,zero_effect,neural_condition_averaged_oracle_causal_skill_mean,0.31882310949842529
teacher_development_smoke,cadence-teacher-rnn-v1-smoke-development-03-25c8dab454b4,zero_effect,behavior_condition_averaged_oracle_causal_skill_mean,1
teacher_development_smoke,cadence-teacher-rnn-v1-smoke-development-04-dc9371a82ae6,additive,neural_condition_averaged_causal_skill_mean,0.017376581087725107
teacher_development_smoke,cadence-teacher-rnn-v1-smoke-development-04-dc9371a82ae6,additive,behavior_condition_averaged_causal_skill_mean,0.90491847307689566
teacher_development_smoke,cadence-teacher-rnn-v1-smoke-development-04-dc9371a82ae6,additive,neural_pathwise_mean_causal_skill_mean,0.057278158878133811
teacher_development_smoke,cadence-teacher-rnn-v1-smoke-development-04-dc9371a82ae6,additive,behavior_pathwise_mean_causal_skill_mean,0.89822705609351483
teacher_development_smoke,cadence-teacher-rnn-v1-smoke-development-04-dc9371a82ae6,additive,gauge_true_h_neural_pathwise_mean_causal_skill_mean,0.50289383500669715
teacher_development_smoke,cadence-teacher-rnn-v1-smoke-development-04-dc9371a82ae6,additive,gauge_true_h_neural_condition_averaged_causal_skill_mean,0.19639939385327199
teacher_development_smoke,cadence-teacher-rnn-v1-smoke-development-04-dc9371a82ae6,additive,neural_causal_skill_mean,0.0038744388206557456
teacher_development_smoke,cadence-teacher-rnn-v1-smoke-development-04-dc9371a82ae6,additive,behavior_causal_skill_mean,0.89874205690705056
teacher_development_smoke,cadence-teacher-rnn-v1-smoke-development-04-dc9371a82ae6,additive,neural_effect_nrmse_mean,0.18262687593492996
teacher_development_smoke,cadence-teacher-rnn-v1-smoke-development-04-dc9371a82ae6,additive,behavior_effect_nrmse_mean,0.15747732925243685
teacher_development_smoke,cadence-teacher-rnn-v1-smoke-development-04-dc9371a82ae6,additive,neural_treated_nrmse_mean,1.0426486255892065
teacher_development_smoke,cadence-teacher-rnn-v1-smoke-development-04-dc9371a82ae6,additive,behavior_treated_nrmse_mean,0.46110182418177659
teacher_development_smoke,cadence-teacher-rnn-v1-smoke-development-04-dc9371a82ae6,additive,latent_effect_skill_affine_gauge_mean,0.5720819497764692
teacher_development_smoke,cadence-teacher-rnn-v1-smoke-development-04-dc9371a82ae6,additive,latent_treated_r2_affine_gauge_mean,0.51589219674649289
teacher_development_smoke,cadence-teacher-rnn-v1-smoke-development-04-dc9371a82ae6,additive,shared_vector_field_r2_affine_gauge_mean,0.57627194053454334
teacher_development_smoke,cadence-teacher-rnn-v1-smoke-development-04-dc9371a82ae6,additive,shared_vector_field_cosine_affine_gauge_mean,0.86263602885373891
teacher_development_smoke,cadence-teacher-rnn-v1-smoke-development-04-dc9371a82ae6,additive,shared_operator_linear_cka_affine_gauge_mean,0.99768419725483293
teacher_development_smoke,cadence-teacher-rnn-v1-smoke-development-04-dc9371a82ae6,additive,neural_observation_oracle_causal_skill_mean,0.081825120649892003
teacher_development_smoke,cadence-teacher-rnn-v1-smoke-development-04-dc9371a82ae6,additive,behavior_observation_oracle_causal_skill_mean,1
teacher_development_smoke,cadence-teacher-rnn-v1-smoke-development-04-dc9371a82ae6,additive,neural_condition_averaged_oracle_causal_skill_mean,0.36304011399220282
teacher_development_smoke,cadence-teacher-rnn-v1-smoke-development-04-dc9371a82ae6,additive,behavior_condition_averaged_oracle_causal_skill_mean,1
teacher_development_smoke,cadence-teacher-rnn-v1-smoke-development-04-dc9371a82ae6,additive,query_coordinate_fraction_outside_normal_rollout_range,0.054629629629629632
teacher_development_smoke,cadence-teacher-rnn-v1-smoke-development-04-dc9371a82ae6,black_box,neural_condition_averaged_causal_skill_mean,-0.0060338125986927338
teacher_development_smoke,cadence-teacher-rnn-v1-smoke-development-04-dc9371a82ae6,black_box,behavior_condition_averaged_causal_skill_mean,0.89998919707881975
teacher_development_smoke,cadence-teacher-rnn-v1-smoke-development-04-dc9371a82ae6,black_box,neural_pathwise_mean_causal_skill_mean,-0.0044277840473734287
teacher_development_smoke,cadence-teacher-rnn-v1-smoke-development-04-dc9371a82ae6,black_box,behavior_pathwise_mean_causal_skill_mean,0.88291182271043434
teacher_development_smoke,cadence-teacher-rnn-v1-smoke-development-04-dc9371a82ae6,black_box,gauge_true_h_neural_pathwise_mean_causal_skill_mean,0.5678991430014918
teacher_development_smoke,cadence-teacher-rnn-v1-smoke-development-04-dc9371a82ae6,black_box,gauge_true_h_neural_condition_averaged_causal_skill_mean,0.24342789497003559
teacher_development_smoke,cadence-teacher-rnn-v1-smoke-development-04-dc9371a82ae6,black_box,neural_causal_skill_mean,-0.0013562895745136139
teacher_development_smoke,cadence-teacher-rnn-v1-smoke-development-04-dc9371a82ae6,black_box,behavior_causal_skill_mean,0.88342347262844467
teacher_development_smoke,cadence-teacher-rnn-v1-smoke-development-04-dc9371a82ae6,black_box,neural_effect_nrmse_mean,0.18310574167954549
teacher_development_smoke,cadence-teacher-rnn-v1-smoke-development-04-dc9371a82ae6,black_box,behavior_effect_nrmse_mean,0.16896978338104982
teacher_development_smoke,cadence-teacher-rnn-v1-smoke-development-04-dc9371a82ae6,black_box,neural_treated_nrmse_mean,1.0440179016313693
teacher_development_smoke,cadence-teacher-rnn-v1-smoke-development-04-dc9371a82ae6,black_box,behavior_treated_nrmse_mean,0.42234024391129793
teacher_development_smoke,cadence-teacher-rnn-v1-smoke-development-04-dc9371a82ae6,black_box,latent_effect_skill_affine_gauge_mean,0.59267012370967609
teacher_development_smoke,cadence-teacher-rnn-v1-smoke-development-04-dc9371a82ae6,black_box,latent_treated_r2_affine_gauge_mean,0.50308393915052418
teacher_development_smoke,cadence-teacher-rnn-v1-smoke-development-04-dc9371a82ae6,black_box,shared_vector_field_r2_affine_gauge_mean,0.66226963186317866
teacher_development_smoke,cadence-teacher-rnn-v1-smoke-development-04-dc9371a82ae6,black_box,shared_vector_field_cosine_affine_gauge_mean,0.87801409130535535
teacher_development_smoke,cadence-teacher-rnn-v1-smoke-development-04-dc9371a82ae6,black_box,shared_operator_linear_cka_affine_gauge_mean,0.94003358238544676
teacher_development_smoke,cadence-teacher-rnn-v1-smoke-development-04-dc9371a82ae6,black_box,neural_observation_oracle_causal_skill_mean,0.081825120649892003
teacher_development_smoke,cadence-teacher-rnn-v1-smoke-development-04-dc9371a82ae6,black_box,behavior_observation_oracle_causal_skill_mean,1
teacher_development_smoke,cadence-teacher-rnn-v1-smoke-development-04-dc9371a82ae6,black_box,neural_condition_averaged_oracle_causal_skill_mean,0.36304011399220282
teacher_development_smoke,cadence-teacher-rnn-v1-smoke-development-04-dc9371a82ae6,black_box,behavior_condition_averaged_oracle_causal_skill_mean,1
teacher_development_smoke,cadence-teacher-rnn-v1-smoke-development-04-dc9371a82ae6,black_box,query_coordinate_fraction_outside_normal_rollout_range,0.025925925925925925
teacher_development_smoke,cadence-teacher-rnn-v1-smoke-development-04-dc9371a82ae6,linear,neural_condition_averaged_causal_skill_mean,-0.008876422481552515
teacher_development_smoke,cadence-teacher-rnn-v1-smoke-development-04-dc9371a82ae6,linear,behavior_condition_averaged_causal_skill_mean,0.95045290842220276
teacher_development_smoke,cadence-teacher-rnn-v1-smoke-development-04-dc9371a82ae6,linear,neural_pathwise_mean_causal_skill_mean,-0.020518334453634157
teacher_development_smoke,cadence-teacher-rnn-v1-smoke-development-04-dc9371a82ae6,linear,behavior_pathwise_mean_causal_skill_mean,0.9448145413374901
teacher_development_smoke,cadence-teacher-rnn-v1-smoke-development-04-dc9371a82ae6,linear,gauge_true_h_neural_pathwise_mean_causal_skill_mean,0.58989016041751796
teacher_development_smoke,cadence-teacher-rnn-v1-smoke-development-04-dc9371a82ae6,linear,gauge_true_h_neural_condition_averaged_causal_skill_mean,0.25523220995161533
teacher_development_smoke,cadence-teacher-rnn-v1-smoke-development-04-dc9371a82ae6,linear,neural_causal_skill_mean,-0.0019968191091768173
teacher_development_smoke,cadence-teacher-rnn-v1-smoke-development-04-dc9371a82ae6,linear,behavior_causal_skill_mean,0.94565302623381531
teacher_development_smoke,cadence-teacher-rnn-v1-smoke-development-04-dc9371a82ae6,linear,neural_effect_nrmse_mean,0.18316429520694585
teacher_development_smoke,cadence-teacher-rnn-v1-smoke-development-04-dc9371a82ae6,linear,behavior_effect_nrmse_mean,0.11536954323693373
teacher_development_smoke,cadence-teacher-rnn-v1-smoke-development-04-dc9371a82ae6,linear,neural_treated_nrmse_mean,1.0440760998477256
teacher_development_smoke,cadence-teacher-rnn-v1-smoke-development-04-dc9371a82ae6,linear,behavior_treated_nrmse_mean,0.31820523097239017
teacher_development_smoke,cadence-teacher-rnn-v1-smoke-development-04-dc9371a82ae6,linear,latent_effect_skill_affine_gauge_mean,0.63259954722116651
teacher_development_smoke,cadence-teacher-rnn-v1-smoke-development-04-dc9371a82ae6,linear,latent_treated_r2_affine_gauge_mean,0.53916767033771995
teacher_development_smoke,cadence-teacher-rnn-v1-smoke-development-04-dc9371a82ae6,linear,shared_vector_field_r2_affine_gauge_mean,0.71613267050417206
teacher_development_smoke,cadence-teacher-rnn-v1-smoke-development-04-dc9371a82ae6,linear,shared_vector_field_cosine_affine_gauge_mean,0.87375950141532055
teacher_development_smoke,cadence-teacher-rnn-v1-smoke-development-04-dc9371a82ae6,linear,shared_operator_linear_cka_affine_gauge_mean,0.9976841955889626
teacher_development_smoke,cadence-teacher-rnn-v1-smoke-development-04-dc9371a82ae6,linear,neural_observation_oracle_causal_skill_mean,0.081825120649892003
teacher_development_smoke,cadence-teacher-rnn-v1-smoke-development-04-dc9371a82ae6,linear,behavior_observation_oracle_causal_skill_mean,1
teacher_development_smoke,cadence-teacher-rnn-v1-smoke-development-04-dc9371a82ae6,linear,neural_condition_averaged_oracle_causal_skill_mean,0.36304011399220282
teacher_development_smoke,cadence-teacher-rnn-v1-smoke-development-04-dc9371a82ae6,linear,behavior_condition_averaged_oracle_causal_skill_mean,1
teacher_development_smoke,cadence-teacher-rnn-v1-smoke-development-04-dc9371a82ae6,linear,query_coordinate_fraction_outside_normal_rollout_range,0.081481481481481488
teacher_development_smoke,cadence-teacher-rnn-v1-smoke-development-04-dc9371a82ae6,proposed,neural_condition_averaged_causal_skill_mean,0.022814565991957192
teacher_development_smoke,cadence-teacher-rnn-v1-smoke-development-04-dc9371a82ae6,proposed,behavior_condition_averaged_causal_skill_mean,0.8816602508196707
teacher_development_smoke,cadence-teacher-rnn-v1-smoke-development-04-dc9371a82ae6,proposed,neural_pathwise_mean_causal_skill_mean,0.050427290530997371
teacher_development_smoke,cadence-teacher-rnn-v1-smoke-development-04-dc9371a82ae6,proposed,behavior_pathwise_mean_causal_skill_mean,0.87749673471082723
teacher_development_smoke,cadence-teacher-rnn-v1-smoke-development-04-dc9371a82ae6,proposed,gauge_true_h_neural_pathwise_mean_causal_skill_mean,0.3779535665081265
teacher_development_smoke,cadence-teacher-rnn-v1-smoke-development-04-dc9371a82ae6,proposed,gauge_true_h_neural_condition_averaged_causal_skill_mean,0.15113636183300316
teacher_development_smoke,cadence-teacher-rnn-v1-smoke-development-04-dc9371a82ae6,proposed,neural_causal_skill_mean,0.0052299086742209067
teacher_development_smoke,cadence-teacher-rnn-v1-smoke-development-04-dc9371a82ae6,proposed,behavior_causal_skill_mean,0.87657391427470177
teacher_development_smoke,cadence-teacher-rnn-v1-smoke-development-04-dc9371a82ae6,proposed,neural_effect_nrmse_mean,0.18250257960971322
teacher_development_smoke,cadence-teacher-rnn-v1-smoke-development-04-dc9371a82ae6,proposed,behavior_effect_nrmse_mean,0.17386291961513203
teacher_development_smoke,cadence-teacher-rnn-v1-smoke-development-04-dc9371a82ae6,proposed,neural_treated_nrmse_mean,1.0429387785880326
teacher_development_smoke,cadence-teacher-rnn-v1-smoke-development-04-dc9371a82ae6,proposed,behavior_treated_nrmse_mean,0.62297775445823134
teacher_development_smoke,cadence-teacher-rnn-v1-smoke-development-04-dc9371a82ae6,proposed,latent_effect_skill_affine_gauge_mean,0.45910143523655045
teacher_development_smoke,cadence-teacher-rnn-v1-smoke-development-04-dc9371a82ae6,proposed,latent_treated_r2_affine_gauge_mean,0.18642008206654981
teacher_development_smoke,cadence-teacher-rnn-v1-smoke-development-04-dc9371a82ae6,proposed,shared_vector_field_r2_affine_gauge_mean,0.58042058052867707
teacher_development_smoke,cadence-teacher-rnn-v1-smoke-development-04-dc9371a82ae6,proposed,shared_vector_field_cosine_affine_gauge_mean,0.86894728805877974
teacher_development_smoke,cadence-teacher-rnn-v1-smoke-development-04-dc9371a82ae6,proposed,shared_operator_linear_cka_affine_gauge_mean,0.99011034771533346
teacher_development_smoke,cadence-teacher-rnn-v1-smoke-development-04-dc9371a82ae6,proposed,neural_observation_oracle_causal_skill_mean,0.081825120649892003
teacher_development_smoke,cadence-teacher-rnn-v1-smoke-development-04-dc9371a82ae6,proposed,behavior_observation_oracle_causal_skill_mean,1
teacher_development_smoke,cadence-teacher-rnn-v1-smoke-development-04-dc9371a82ae6,proposed,neural_condition_averaged_oracle_causal_skill_mean,0.36304011399220282
teacher_development_smoke,cadence-teacher-rnn-v1-smoke-development-04-dc9371a82ae6,proposed,behavior_condition_averaged_oracle_causal_skill_mean,1
teacher_development_smoke,cadence-teacher-rnn-v1-smoke-development-04-dc9371a82ae6,proposed,query_coordinate_fraction_outside_normal_rollout_range,0.10648148148148148
teacher_development_smoke,cadence-teacher-rnn-v1-smoke-development-04-dc9371a82ae6,proposed_native_decoder,neural_condition_averaged_causal_skill_mean,0.032545606814211148
teacher_development_smoke,cadence-teacher-rnn-v1-smoke-development-04-dc9371a82ae6,proposed_native_decoder,behavior_condition_averaged_causal_skill_mean,0.8816602508196707
teacher_development_smoke,cadence-teacher-rnn-v1-smoke-development-04-dc9371a82ae6,proposed_native_decoder,neural_pathwise_mean_causal_skill_mean,0.084871387640982565
teacher_development_smoke,cadence-teacher-rnn-v1-smoke-development-04-dc9371a82ae6,proposed_native_decoder,behavior_pathwise_mean_causal_skill_mean,0.87749673471082723
teacher_development_smoke,cadence-teacher-rnn-v1-smoke-development-04-dc9371a82ae6,proposed_native_decoder,gauge_true_h_neural_pathwise_mean_causal_skill_mean,0.3779535665081265
teacher_development_smoke,cadence-teacher-rnn-v1-smoke-development-04-dc9371a82ae6,proposed_native_decoder,gauge_true_h_neural_condition_averaged_causal_skill_mean,0.15113636183300316
teacher_development_smoke,cadence-teacher-rnn-v1-smoke-development-04-dc9371a82ae6,proposed_native_decoder,neural_causal_skill_mean,0.007148711478459302
teacher_development_smoke,cadence-teacher-rnn-v1-smoke-development-04-dc9371a82ae6,proposed_native_decoder,behavior_causal_skill_mean,0.87657391427470177
teacher_development_smoke,cadence-teacher-rnn-v1-smoke-development-04-dc9371a82ae6,proposed_native_decoder,neural_effect_nrmse_mean,0.18232648088323064
teacher_development_smoke,cadence-teacher-rnn-v1-smoke-development-04-dc9371a82ae6,proposed_native_decoder,behavior_effect_nrmse_mean,0.17386291961513203
teacher_development_smoke,cadence-teacher-rnn-v1-smoke-development-04-dc9371a82ae6,proposed_native_decoder,neural_treated_nrmse_mean,1.0807014779258002
teacher_development_smoke,cadence-teacher-rnn-v1-smoke-development-04-dc9371a82ae6,proposed_native_decoder,behavior_treated_nrmse_mean,0.62297775445823134
teacher_development_smoke,cadence-teacher-rnn-v1-smoke-development-04-dc9371a82ae6,proposed_native_decoder,latent_effect_skill_affine_gauge_mean,0.45910143523655045
teacher_development_smoke,cadence-teacher-rnn-v1-smoke-development-04-dc9371a82ae6,proposed_native_decoder,latent_treated_r2_affine_gauge_mean,0.18642008206654981
teacher_development_smoke,cadence-teacher-rnn-v1-smoke-development-04-dc9371a82ae6,proposed_native_decoder,shared_vector_field_r2_affine_gauge_mean,0.58042058052867707
teacher_development_smoke,cadence-teacher-rnn-v1-smoke-development-04-dc9371a82ae6,proposed_native_decoder,shared_vector_field_cosine_affine_gauge_mean,0.86894728805877974
teacher_development_smoke,cadence-teacher-rnn-v1-smoke-development-04-dc9371a82ae6,proposed_native_decoder,shared_operator_linear_cka_affine_gauge_mean,0.99011034771533346
teacher_development_smoke,cadence-teacher-rnn-v1-smoke-development-04-dc9371a82ae6,proposed_native_decoder,neural_observation_oracle_causal_skill_mean,0.081825120649892003
teacher_development_smoke,cadence-teacher-rnn-v1-smoke-development-04-dc9371a82ae6,proposed_native_decoder,behavior_observation_oracle_causal_skill_mean,1
teacher_development_smoke,cadence-teacher-rnn-v1-smoke-development-04-dc9371a82ae6,proposed_native_decoder,neural_condition_averaged_oracle_causal_skill_mean,0.36304011399220282
teacher_development_smoke,cadence-teacher-rnn-v1-smoke-development-04-dc9371a82ae6,proposed_native_decoder,behavior_condition_averaged_oracle_causal_skill_mean,1
teacher_development_smoke,cadence-teacher-rnn-v1-smoke-development-04-dc9371a82ae6,proposed_no_target_adaptation,neural_condition_averaged_causal_skill_mean,-0.0022005999760492667
teacher_development_smoke,cadence-teacher-rnn-v1-smoke-development-04-dc9371a82ae6,proposed_no_target_adaptation,behavior_condition_averaged_causal_skill_mean,0.85377494225309836
teacher_development_smoke,cadence-teacher-rnn-v1-smoke-development-04-dc9371a82ae6,proposed_no_target_adaptation,neural_pathwise_mean_causal_skill_mean,-0.0060628039361112496
teacher_development_smoke,cadence-teacher-rnn-v1-smoke-development-04-dc9371a82ae6,proposed_no_target_adaptation,behavior_pathwise_mean_causal_skill_mean,0.85002767073607244
teacher_development_smoke,cadence-teacher-rnn-v1-smoke-development-04-dc9371a82ae6,proposed_no_target_adaptation,gauge_true_h_neural_pathwise_mean_causal_skill_mean,0.33976482911155348
teacher_development_smoke,cadence-teacher-rnn-v1-smoke-development-04-dc9371a82ae6,proposed_no_target_adaptation,gauge_true_h_neural_condition_averaged_causal_skill_mean,0.097497181162243485
teacher_development_smoke,cadence-teacher-rnn-v1-smoke-development-04-dc9371a82ae6,proposed_no_target_adaptation,neural_causal_skill_mean,-0.00047935789494646386
teacher_development_smoke,cadence-teacher-rnn-v1-smoke-development-04-dc9371a82ae6,proposed_no_target_adaptation,behavior_causal_skill_mean,0.84754889122826993
teacher_development_smoke,cadence-teacher-rnn-v1-smoke-development-04-dc9371a82ae6,proposed_no_target_adaptation,neural_effect_nrmse_mean,0.18302554724851142
teacher_development_smoke,cadence-teacher-rnn-v1-smoke-development-04-dc9371a82ae6,proposed_no_target_adaptation,behavior_effect_nrmse_mean,0.19322743276947035
teacher_development_smoke,cadence-teacher-rnn-v1-smoke-development-04-dc9371a82ae6,proposed_no_target_adaptation,neural_treated_nrmse_mean,1.5218962862472536
teacher_development_smoke,cadence-teacher-rnn-v1-smoke-development-04-dc9371a82ae6,proposed_no_target_adaptation,behavior_treated_nrmse_mean,0.79472310715806993
teacher_development_smoke,cadence-teacher-rnn-v1-smoke-development-04-dc9371a82ae6,proposed_no_target_adaptation,latent_effect_skill_affine_gauge_mean,0.38115970741630212
teacher_development_smoke,cadence-teacher-rnn-v1-smoke-development-04-dc9371a82ae6,proposed_no_target_adaptation,latent_treated_r2_affine_gauge_mean,-5.6629588252183014
teacher_development_smoke,cadence-teacher-rnn-v1-smoke-development-04-dc9371a82ae6,proposed_no_target_adaptation,shared_vector_field_r2_affine_gauge_mean,0.30511833396878363
teacher_development_smoke,cadence-teacher-rnn-v1-smoke-development-04-dc9371a82ae6,proposed_no_target_adaptation,shared_vector_field_cosine_affine_gauge_mean,0.66474099626409733
teacher_development_smoke,cadence-teacher-rnn-v1-smoke-development-04-dc9371a82ae6,proposed_no_target_adaptation,shared_operator_linear_cka_affine_gauge_mean,0.99766514086185198
teacher_development_smoke,cadence-teacher-rnn-v1-smoke-development-04-dc9371a82ae6,proposed_no_target_adaptation,neural_observation_oracle_causal_skill_mean,0.081825120649892003
teacher_development_smoke,cadence-teacher-rnn-v1-smoke-development-04-dc9371a82ae6,proposed_no_target_adaptation,behavior_observation_oracle_causal_skill_mean,1
teacher_development_smoke,cadence-teacher-rnn-v1-smoke-development-04-dc9371a82ae6,proposed_no_target_adaptation,neural_condition_averaged_oracle_causal_skill_mean,0.36304011399220282
teacher_development_smoke,cadence-teacher-rnn-v1-smoke-development-04-dc9371a82ae6,proposed_no_target_adaptation,behavior_condition_averaged_oracle_causal_skill_mean,1
teacher_development_smoke,cadence-teacher-rnn-v1-smoke-development-04-dc9371a82ae6,proposed_no_target_residual,neural_condition_averaged_causal_skill_mean,0.022491869709181711
teacher_development_smoke,cadence-teacher-rnn-v1-smoke-development-04-dc9371a82ae6,proposed_no_target_residual,behavior_condition_averaged_causal_skill_mean,0.8771532523236949
teacher_development_smoke,cadence-teacher-rnn-v1-smoke-development-04-dc9371a82ae6,proposed_no_target_residual,neural_pathwise_mean_causal_skill_mean,0.049579208852622347
teacher_development_smoke,cadence-teacher-rnn-v1-smoke-development-04-dc9371a82ae6,proposed_no_target_residual,behavior_pathwise_mean_causal_skill_mean,0.87335841927553548
teacher_development_smoke,cadence-teacher-rnn-v1-smoke-development-04-dc9371a82ae6,proposed_no_target_residual,gauge_true_h_neural_pathwise_mean_causal_skill_mean,0.37560306136388555
teacher_development_smoke,cadence-teacher-rnn-v1-smoke-development-04-dc9371a82ae6,proposed_no_target_residual,gauge_true_h_neural_condition_averaged_causal_skill_mean,0.14964958035934828
teacher_development_smoke,cadence-teacher-rnn-v1-smoke-development-04-dc9371a82ae6,proposed_no_target_residual,neural_causal_skill_mean,0.0051561729663190947
teacher_development_smoke,cadence-teacher-rnn-v1-smoke-development-04-dc9371a82ae6,proposed_no_target_residual,behavior_causal_skill_mean,0.87231082792057801
teacher_development_smoke,cadence-teacher-rnn-v1-smoke-development-04-dc9371a82ae6,proposed_no_target_residual,neural_effect_nrmse_mean,0.18250934333716101
teacher_development_smoke,cadence-teacher-rnn-v1-smoke-development-04-dc9371a82ae6,proposed_no_target_residual,behavior_effect_nrmse_mean,0.1768400079364186
teacher_development_smoke,cadence-teacher-rnn-v1-smoke-development-04-dc9371a82ae6,proposed_no_target_residual,neural_treated_nrmse_mean,1.0429414075027474
teacher_development_smoke,cadence-teacher-rnn-v1-smoke-development-04-dc9371a82ae6,proposed_no_target_residual,behavior_treated_nrmse_mean,0.61477782801421366
teacher_development_smoke,cadence-teacher-rnn-v1-smoke-development-04-dc9371a82ae6,proposed_no_target_residual,latent_effect_skill_affine_gauge_mean,0.45724281464598315
teacher_development_smoke,cadence-teacher-rnn-v1-smoke-development-04-dc9371a82ae6,proposed_no_target_residual,latent_treated_r2_affine_gauge_mean,0.21206733740582817
teacher_development_smoke,cadence-teacher-rnn-v1-smoke-development-04-dc9371a82ae6,proposed_no_target_residual,shared_vector_field_r2_affine_gauge_mean,0.58042058052867707
teacher_development_smoke,cadence-teacher-rnn-v1-smoke-development-04-dc9371a82ae6,proposed_no_target_residual,shared_vector_field_cosine_affine_gauge_mean,0.86894728805877974
teacher_development_smoke,cadence-teacher-rnn-v1-smoke-development-04-dc9371a82ae6,proposed_no_target_residual,shared_operator_linear_cka_affine_gauge_mean,0.99011034771533346
teacher_development_smoke,cadence-teacher-rnn-v1-smoke-development-04-dc9371a82ae6,proposed_no_target_residual,neural_observation_oracle_causal_skill_mean,0.081825120649892003
teacher_development_smoke,cadence-teacher-rnn-v1-smoke-development-04-dc9371a82ae6,proposed_no_target_residual,behavior_observation_oracle_causal_skill_mean,1
teacher_development_smoke,cadence-teacher-rnn-v1-smoke-development-04-dc9371a82ae6,proposed_no_target_residual,neural_condition_averaged_oracle_causal_skill_mean,0.36304011399220282
teacher_development_smoke,cadence-teacher-rnn-v1-smoke-development-04-dc9371a82ae6,proposed_no_target_residual,behavior_condition_averaged_oracle_causal_skill_mean,1
teacher_development_smoke,cadence-teacher-rnn-v1-smoke-development-04-dc9371a82ae6,zero_effect,neural_condition_averaged_causal_skill_mean,0
teacher_development_smoke,cadence-teacher-rnn-v1-smoke-development-04-dc9371a82ae6,zero_effect,behavior_condition_averaged_causal_skill_mean,0
teacher_development_smoke,cadence-teacher-rnn-v1-smoke-development-04-dc9371a82ae6,zero_effect,neural_pathwise_mean_causal_skill_mean,0
teacher_development_smoke,cadence-teacher-rnn-v1-smoke-development-04-dc9371a82ae6,zero_effect,behavior_pathwise_mean_causal_skill_mean,0
teacher_development_smoke,cadence-teacher-rnn-v1-smoke-development-04-dc9371a82ae6,zero_effect,gauge_true_h_neural_pathwise_mean_causal_skill_mean,0
teacher_development_smoke,cadence-teacher-rnn-v1-smoke-development-04-dc9371a82ae6,zero_effect,gauge_true_h_neural_condition_averaged_causal_skill_mean,0
teacher_development_smoke,cadence-teacher-rnn-v1-smoke-development-04-dc9371a82ae6,zero_effect,neural_causal_skill_mean,0
teacher_development_smoke,cadence-teacher-rnn-v1-smoke-development-04-dc9371a82ae6,zero_effect,behavior_causal_skill_mean,0
teacher_development_smoke,cadence-teacher-rnn-v1-smoke-development-04-dc9371a82ae6,zero_effect,neural_effect_nrmse_mean,0.18298169564281658
teacher_development_smoke,cadence-teacher-rnn-v1-smoke-development-04-dc9371a82ae6,zero_effect,behavior_effect_nrmse_mean,0.49488408802257866
teacher_development_smoke,cadence-teacher-rnn-v1-smoke-development-04-dc9371a82ae6,zero_effect,neural_treated_nrmse_mean,1.0430921950668397
teacher_development_smoke,cadence-teacher-rnn-v1-smoke-development-04-dc9371a82ae6,zero_effect,behavior_treated_nrmse_mean,0.81438913023586246
teacher_development_smoke,cadence-teacher-rnn-v1-smoke-development-04-dc9371a82ae6,zero_effect,latent_effect_skill_affine_gauge_mean,0
teacher_development_smoke,cadence-teacher-rnn-v1-smoke-development-04-dc9371a82ae6,zero_effect,latent_treated_r2_affine_gauge_mean,0.030881529167916422
teacher_development_smoke,cadence-teacher-rnn-v1-smoke-development-04-dc9371a82ae6,zero_effect,neural_observation_oracle_causal_skill_mean,0.081825120649892003
teacher_development_smoke,cadence-teacher-rnn-v1-smoke-development-04-dc9371a82ae6,zero_effect,behavior_observation_oracle_causal_skill_mean,1
teacher_development_smoke,cadence-teacher-rnn-v1-smoke-development-04-dc9371a82ae6,zero_effect,neural_condition_averaged_oracle_causal_skill_mean,0.36304011399220282
teacher_development_smoke,cadence-teacher-rnn-v1-smoke-development-04-dc9371a82ae6,zero_effect,behavior_condition_averaged_oracle_causal_skill_mean,1
teacher_development_smoke,cadence-teacher-rnn-v1-smoke-development-05-1bdf4fc0ce82,additive,neural_condition_averaged_causal_skill_mean,0.019435537780618239
teacher_development_smoke,cadence-teacher-rnn-v1-smoke-development-05-1bdf4fc0ce82,additive,behavior_condition_averaged_causal_skill_mean,0.86488792201840137
teacher_development_smoke,cadence-teacher-rnn-v1-smoke-development-05-1bdf4fc0ce82,additive,neural_pathwise_mean_causal_skill_mean,0.024711813797606563
teacher_development_smoke,cadence-teacher-rnn-v1-smoke-development-05-1bdf4fc0ce82,additive,behavior_pathwise_mean_causal_skill_mean,0.85592608619217636
teacher_development_smoke,cadence-teacher-rnn-v1-smoke-development-05-1bdf4fc0ce82,additive,gauge_true_h_neural_pathwise_mean_causal_skill_mean,0.38204512717086747
teacher_development_smoke,cadence-teacher-rnn-v1-smoke-development-05-1bdf4fc0ce82,additive,gauge_true_h_neural_condition_averaged_causal_skill_mean,0.14787625789084502
teacher_development_smoke,cadence-teacher-rnn-v1-smoke-development-05-1bdf4fc0ce82,additive,neural_causal_skill_mean,0.0039861191571117782
teacher_development_smoke,cadence-teacher-rnn-v1-smoke-development-05-1bdf4fc0ce82,additive,behavior_causal_skill_mean,0.8580104777690315
teacher_development_smoke,cadence-teacher-rnn-v1-smoke-development-05-1bdf4fc0ce82,additive,neural_effect_nrmse_mean,0.17801527518116714
teacher_development_smoke,cadence-teacher-rnn-v1-smoke-development-05-1bdf4fc0ce82,additive,behavior_effect_nrmse_mean,0.16970970541965025
teacher_development_smoke,cadence-teacher-rnn-v1-smoke-development-05-1bdf4fc0ce82,additive,neural_treated_nrmse_mean,1.0184013203081108
teacher_development_smoke,cadence-teacher-rnn-v1-smoke-development-05-1bdf4fc0ce82,additive,behavior_treated_nrmse_mean,0.46043734033114181
teacher_development_smoke,cadence-teacher-rnn-v1-smoke-development-05-1bdf4fc0ce82,additive,latent_effect_skill_affine_gauge_mean,0.4892281069825728
teacher_development_smoke,cadence-teacher-rnn-v1-smoke-development-05-1bdf4fc0ce82,additive,latent_treated_r2_affine_gauge_mean,0.46598769885859193
teacher_development_smoke,cadence-teacher-rnn-v1-smoke-development-05-1bdf4fc0ce82,additive,shared_vector_field_r2_affine_gauge_mean,0.12655144612179248
teacher_development_smoke,cadence-teacher-rnn-v1-smoke-development-05-1bdf4fc0ce82,additive,shared_vector_field_cosine_affine_gauge_mean,0.74996033127113948
teacher_development_smoke,cadence-teacher-rnn-v1-smoke-development-05-1bdf4fc0ce82,additive,shared_operator_linear_cka_affine_gauge_mean,0.99559951061048335
teacher_development_smoke,cadence-teacher-rnn-v1-smoke-development-05-1bdf4fc0ce82,additive,neural_observation_oracle_causal_skill_mean,0.063961238784756014
teacher_development_smoke,cadence-teacher-rnn-v1-smoke-development-05-1bdf4fc0ce82,additive,behavior_observation_oracle_causal_skill_mean,1
teacher_development_smoke,cadence-teacher-rnn-v1-smoke-development-05-1bdf4fc0ce82,additive,neural_condition_averaged_oracle_causal_skill_mean,0.31242787970412467
teacher_development_smoke,cadence-teacher-rnn-v1-smoke-development-05-1bdf4fc0ce82,additive,behavior_condition_averaged_oracle_causal_skill_mean,1
teacher_development_smoke,cadence-teacher-rnn-v1-smoke-development-05-1bdf4fc0ce82,additive,query_coordinate_fraction_outside_normal_rollout_range,0.054629629629629632
teacher_development_smoke,cadence-teacher-rnn-v1-smoke-development-05-1bdf4fc0ce82,black_box,neural_condition_averaged_causal_skill_mean,0.011660483046674108
teacher_development_smoke,cadence-teacher-rnn-v1-smoke-development-05-1bdf4fc0ce82,black_box,behavior_condition_averaged_causal_skill_mean,0.81650521062278214
teacher_development_smoke,cadence-teacher-rnn-v1-smoke-development-05-1bdf4fc0ce82,black_box,neural_pathwise_mean_causal_skill_mean,0.015720406538092702
teacher_development_smoke,cadence-teacher-rnn-v1-smoke-development-05-1bdf4fc0ce82,black_box,behavior_pathwise_mean_causal_skill_mean,0.79454435939487
teacher_development_smoke,cadence-teacher-rnn-v1-smoke-development-05-1bdf4fc0ce82,black_box,gauge_true_h_neural_pathwise_mean_causal_skill_mean,0.65965936017726268
teacher_development_smoke,cadence-teacher-rnn-v1-smoke-development-05-1bdf4fc0ce82,black_box,gauge_true_h_neural_condition_averaged_causal_skill_mean,0.21570771776550379
teacher_development_smoke,cadence-teacher-rnn-v1-smoke-development-05-1bdf4fc0ce82,black_box,neural_causal_skill_mean,0.002370973568045831
teacher_development_smoke,cadence-teacher-rnn-v1-smoke-development-05-1bdf4fc0ce82,black_box,behavior_causal_skill_mean,0.79605273739737437
teacher_development_smoke,cadence-teacher-rnn-v1-smoke-development-05-1bdf4fc0ce82,black_box,neural_effect_nrmse_mean,0.17815955234683026
teacher_development_smoke,cadence-teacher-rnn-v1-smoke-development-05-1bdf4fc0ce82,black_box,behavior_effect_nrmse_mean,0.20339368790818427
teacher_development_smoke,cadence-teacher-rnn-v1-smoke-development-05-1bdf4fc0ce82,black_box,neural_treated_nrmse_mean,1.0179815738658839
teacher_development_smoke,cadence-teacher-rnn-v1-smoke-development-05-1bdf4fc0ce82,black_box,behavior_treated_nrmse_mean,0.49984620024482274
teacher_development_smoke,cadence-teacher-rnn-v1-smoke-development-05-1bdf4fc0ce82,black_box,latent_effect_skill_affine_gauge_mean,0.63046923612331129
teacher_development_smoke,cadence-teacher-rnn-v1-smoke-development-05-1bdf4fc0ce82,black_box,latent_treated_r2_affine_gauge_mean,0.61826454112158946
teacher_development_smoke,cadence-teacher-rnn-v1-smoke-development-05-1bdf4fc0ce82,black_box,shared_vector_field_r2_affine_gauge_mean,0.4295376142733196
teacher_development_smoke,cadence-teacher-rnn-v1-smoke-development-05-1bdf4fc0ce82,black_box,shared_vector_field_cosine_affine_gauge_mean,0.8377886489397145
teacher_development_smoke,cadence-teacher-rnn-v1-smoke-development-05-1bdf4fc0ce82,black_box,shared_operator_linear_cka_affine_gauge_mean,0.89076377925830119
teacher_development_smoke,cadence-teacher-rnn-v1-smoke-development-05-1bdf4fc0ce82,black_box,neural_observation_oracle_causal_skill_mean,0.063961238784756014
teacher_development_smoke,cadence-teacher-rnn-v1-smoke-development-05-1bdf4fc0ce82,black_box,behavior_observation_oracle_causal_skill_mean,1
teacher_development_smoke,cadence-teacher-rnn-v1-smoke-development-05-1bdf4fc0ce82,black_box,neural_condition_averaged_oracle_causal_skill_mean,0.31242787970412467
teacher_development_smoke,cadence-teacher-rnn-v1-smoke-development-05-1bdf4fc0ce82,black_box,behavior_condition_averaged_oracle_causal_skill_mean,1
teacher_development_smoke,cadence-teacher-rnn-v1-smoke-development-05-1bdf4fc0ce82,black_box,query_coordinate_fraction_outside_normal_rollout_range,0.071296296296296302
teacher_development_smoke,cadence-teacher-rnn-v1-smoke-development-05-1bdf4fc0ce82,linear,neural_condition_averaged_causal_skill_mean,0.027788214214616525
teacher_development_smoke,cadence-teacher-rnn-v1-smoke-development-05-1bdf4fc0ce82,linear,behavior_condition_averaged_causal_skill_mean,0.6537467135392302
teacher_development_smoke,cadence-teacher-rnn-v1-smoke-development-05-1bdf4fc0ce82,linear,neural_pathwise_mean_causal_skill_mean,0.068278734774548933
teacher_development_smoke,cadence-teacher-rnn-v1-smoke-development-05-1bdf4fc0ce82,linear,behavior_pathwise_mean_causal_skill_mean,0.64335512812781814
teacher_development_smoke,cadence-teacher-rnn-v1-smoke-development-05-1bdf4fc0ce82,linear,gauge_true_h_neural_pathwise_mean_causal_skill_mean,0.17855032855429032
teacher_development_smoke,cadence-teacher-rnn-v1-smoke-development-05-1bdf4fc0ce82,linear,gauge_true_h_neural_condition_averaged_causal_skill_mean,0.075297041721726798
teacher_development_smoke,cadence-teacher-rnn-v1-smoke-development-05-1bdf4fc0ce82,linear,neural_causal_skill_mean,0.0056032230581293252
teacher_development_smoke,cadence-teacher-rnn-v1-smoke-development-05-1bdf4fc0ce82,linear,behavior_causal_skill_mean,0.64647308845531504
teacher_development_smoke,cadence-teacher-rnn-v1-smoke-development-05-1bdf4fc0ce82,linear,neural_effect_nrmse_mean,0.17787070584293807
teacher_development_smoke,cadence-teacher-rnn-v1-smoke-development-05-1bdf4fc0ce82,linear,behavior_effect_nrmse_mean,0.26778717288285814
teacher_development_smoke,cadence-teacher-rnn-v1-smoke-development-05-1bdf4fc0ce82,linear,neural_treated_nrmse_mean,1.0176665513916479
teacher_development_smoke,cadence-teacher-rnn-v1-smoke-development-05-1bdf4fc0ce82,linear,behavior_treated_nrmse_mean,0.46738956562300404
teacher_development_smoke,cadence-teacher-rnn-v1-smoke-development-05-1bdf4fc0ce82,linear,latent_effect_skill_affine_gauge_mean,0.59302763265046177
teacher_development_smoke,cadence-teacher-rnn-v1-smoke-development-05-1bdf4fc0ce82,linear,latent_treated_r2_affine_gauge_mean,0.4245097492310248
teacher_development_smoke,cadence-teacher-rnn-v1-smoke-development-05-1bdf4fc0ce82,linear,shared_vector_field_r2_affine_gauge_mean,0.084429832791907633
teacher_development_smoke,cadence-teacher-rnn-v1-smoke-development-05-1bdf4fc0ce82,linear,shared_vector_field_cosine_affine_gauge_mean,0.87590584336951882
teacher_development_smoke,cadence-teacher-rnn-v1-smoke-development-05-1bdf4fc0ce82,linear,shared_operator_linear_cka_affine_gauge_mean,0.99559951012291659
teacher_development_smoke,cadence-teacher-rnn-v1-smoke-development-05-1bdf4fc0ce82,linear,neural_observation_oracle_causal_skill_mean,0.063961238784756014
teacher_development_smoke,cadence-teacher-rnn-v1-smoke-development-05-1bdf4fc0ce82,linear,behavior_observation_oracle_causal_skill_mean,1
teacher_development_smoke,cadence-teacher-rnn-v1-smoke-development-05-1bdf4fc0ce82,linear,neural_condition_averaged_oracle_causal_skill_mean,0.31242787970412467
teacher_development_smoke,cadence-teacher-rnn-v1-smoke-development-05-1bdf4fc0ce82,linear,behavior_condition_averaged_oracle_causal_skill_mean,1
teacher_development_smoke,cadence-teacher-rnn-v1-smoke-development-05-1bdf4fc0ce82,linear,query_coordinate_fraction_outside_normal_rollout_range,0.092592592592592587
teacher_development_smoke,cadence-teacher-rnn-v1-smoke-development-05-1bdf4fc0ce82,proposed,neural_condition_averaged_causal_skill_mean,0.025853211266567255
teacher_development_smoke,cadence-teacher-rnn-v1-smoke-development-05-1bdf4fc0ce82,proposed,behavior_condition_averaged_causal_skill_mean,0.96497859621889126
teacher_development_smoke,cadence-teacher-rnn-v1-smoke-development-05-1bdf4fc0ce82,proposed,neural_pathwise_mean_causal_skill_mean,0.052474322231851778
teacher_development_smoke,cadence-teacher-rnn-v1-smoke-development-05-1bdf4fc0ce82,proposed,behavior_pathwise_mean_causal_skill_mean,0.95816590190451023
teacher_development_smoke,cadence-teacher-rnn-v1-smoke-development-05-1bdf4fc0ce82,proposed,gauge_true_h_neural_pathwise_mean_causal_skill_mean,0.64732150282299039
teacher_development_smoke,cadence-teacher-rnn-v1-smoke-development-05-1bdf4fc0ce82,proposed,gauge_true_h_neural_condition_averaged_causal_skill_mean,0.21993801006760472
teacher_development_smoke,cadence-teacher-rnn-v1-smoke-development-05-1bdf4fc0ce82,proposed,neural_causal_skill_mean,0.005115076619074066
teacher_development_smoke,cadence-teacher-rnn-v1-smoke-development-05-1bdf4fc0ce82,proposed,behavior_causal_skill_mean,0.95871063782113441
teacher_development_smoke,cadence-teacher-rnn-v1-smoke-development-05-1bdf4fc0ce82,proposed,neural_effect_nrmse_mean,0.17791435858826254
teacher_development_smoke,cadence-teacher-rnn-v1-smoke-development-05-1bdf4fc0ce82,proposed,behavior_effect_nrmse_mean,0.091516123929184276
teacher_development_smoke,cadence-teacher-rnn-v1-smoke-development-05-1bdf4fc0ce82,proposed,neural_treated_nrmse_mean,1.0172654921464237
teacher_development_smoke,cadence-teacher-rnn-v1-smoke-development-05-1bdf4fc0ce82,proposed,behavior_treated_nrmse_mean,0.4095196388958906
teacher_development_smoke,cadence-teacher-rnn-v1-smoke-development-05-1bdf4fc0ce82,proposed,latent_effect_skill_affine_gauge_mean,0.72932001789686263
teacher_development_smoke,cadence-teacher-rnn-v1-smoke-development-05-1bdf4fc0ce82,proposed,latent_treated_r2_affine_gauge_mean,0.612714357885765
teacher_development_smoke,cadence-teacher-rnn-v1-smoke-development-05-1bdf4fc0ce82,proposed,shared_vector_field_r2_affine_gauge_mean,0.58310763976512514
teacher_development_smoke,cadence-teacher-rnn-v1-smoke-development-05-1bdf4fc0ce82,proposed,shared_vector_field_cosine_affine_gauge_mean,0.87274374790178444
teacher_development_smoke,cadence-teacher-rnn-v1-smoke-development-05-1bdf4fc0ce82,proposed,shared_operator_linear_cka_affine_gauge_mean,0.99566124842875792
teacher_development_smoke,cadence-teacher-rnn-v1-smoke-development-05-1bdf4fc0ce82,proposed,neural_observation_oracle_causal_skill_mean,0.063961238784756014
teacher_development_smoke,cadence-teacher-rnn-v1-smoke-development-05-1bdf4fc0ce82,proposed,behavior_observation_oracle_causal_skill_mean,1
teacher_development_smoke,cadence-teacher-rnn-v1-smoke-development-05-1bdf4fc0ce82,proposed,neural_condition_averaged_oracle_causal_skill_mean,0.31242787970412467
teacher_development_smoke,cadence-teacher-rnn-v1-smoke-development-05-1bdf4fc0ce82,proposed,behavior_condition_averaged_oracle_causal_skill_mean,1
teacher_development_smoke,cadence-teacher-rnn-v1-smoke-development-05-1bdf4fc0ce82,proposed,query_coordinate_fraction_outside_normal_rollout_range,0.069444444444444448
teacher_development_smoke,cadence-teacher-rnn-v1-smoke-development-05-1bdf4fc0ce82,proposed_native_decoder,neural_condition_averaged_causal_skill_mean,-0.025989077329046317
teacher_development_smoke,cadence-teacher-rnn-v1-smoke-development-05-1bdf4fc0ce82,proposed_native_decoder,behavior_condition_averaged_causal_skill_mean,0.96497859621889126
teacher_development_smoke,cadence-teacher-rnn-v1-smoke-development-05-1bdf4fc0ce82,proposed_native_decoder,neural_pathwise_mean_causal_skill_mean,-0.05353423611917929
teacher_development_smoke,cadence-teacher-rnn-v1-smoke-development-05-1bdf4fc0ce82,proposed_native_decoder,behavior_pathwise_mean_causal_skill_mean,0.95816590190451023
teacher_development_smoke,cadence-teacher-rnn-v1-smoke-development-05-1bdf4fc0ce82,proposed_native_decoder,gauge_true_h_neural_pathwise_mean_causal_skill_mean,0.64732150282299039
teacher_development_smoke,cadence-teacher-rnn-v1-smoke-development-05-1bdf4fc0ce82,proposed_native_decoder,gauge_true_h_neural_condition_averaged_causal_skill_mean,0.21993801006760472
teacher_development_smoke,cadence-teacher-rnn-v1-smoke-development-05-1bdf4fc0ce82,proposed_native_decoder,neural_causal_skill_mean,-0.0052750618045402931
teacher_development_smoke,cadence-teacher-rnn-v1-smoke-development-05-1bdf4fc0ce82,proposed_native_decoder,behavior_causal_skill_mean,0.95871063782113441
teacher_development_smoke,cadence-teacher-rnn-v1-smoke-development-05-1bdf4fc0ce82,proposed_native_decoder,neural_effect_nrmse_mean,0.1788409750423518
teacher_development_smoke,cadence-teacher-rnn-v1-smoke-development-05-1bdf4fc0ce82,proposed_native_decoder,behavior_effect_nrmse_mean,0.091516123929184276
teacher_development_smoke,cadence-teacher-rnn-v1-smoke-development-05-1bdf4fc0ce82,proposed_native_decoder,neural_treated_nrmse_mean,1.0463129947881837
teacher_development_smoke,cadence-teacher-rnn-v1-smoke-development-05-1bdf4fc0ce82,proposed_native_decoder,behavior_treated_nrmse_mean,0.4095196388958906
teacher_development_smoke,cadence-teacher-rnn-v1-smoke-development-05-1bdf4fc0ce82,proposed_native_decoder,latent_effect_skill_affine_gauge_mean,0.72932001789686263
teacher_development_smoke,cadence-teacher-rnn-v1-smoke-development-05-1bdf4fc0ce82,proposed_native_decoder,latent_treated_r2_affine_gauge_mean,0.612714357885765
teacher_development_smoke,cadence-teacher-rnn-v1-smoke-development-05-1bdf4fc0ce82,proposed_native_decoder,shared_vector_field_r2_affine_gauge_mean,0.58310763976512514
teacher_development_smoke,cadence-teacher-rnn-v1-smoke-development-05-1bdf4fc0ce82,proposed_native_decoder,shared_vector_field_cosine_affine_gauge_mean,0.87274374790178444
teacher_development_smoke,cadence-teacher-rnn-v1-smoke-development-05-1bdf4fc0ce82,proposed_native_decoder,shared_operator_linear_cka_affine_gauge_mean,0.99566124842875792
teacher_development_smoke,cadence-teacher-rnn-v1-smoke-development-05-1bdf4fc0ce82,proposed_native_decoder,neural_observation_oracle_causal_skill_mean,0.063961238784756014
teacher_development_smoke,cadence-teacher-rnn-v1-smoke-development-05-1bdf4fc0ce82,proposed_native_decoder,behavior_observation_oracle_causal_skill_mean,1
teacher_development_smoke,cadence-teacher-rnn-v1-smoke-development-05-1bdf4fc0ce82,proposed_native_decoder,neural_condition_averaged_oracle_causal_skill_mean,0.31242787970412467
teacher_development_smoke,cadence-teacher-rnn-v1-smoke-development-05-1bdf4fc0ce82,proposed_native_decoder,behavior_condition_averaged_oracle_causal_skill_mean,1
teacher_development_smoke,cadence-teacher-rnn-v1-smoke-development-05-1bdf4fc0ce82,proposed_no_target_adaptation,neural_condition_averaged_causal_skill_mean,0.00022708982946362255
teacher_development_smoke,cadence-teacher-rnn-v1-smoke-development-05-1bdf4fc0ce82,proposed_no_target_adaptation,behavior_condition_averaged_causal_skill_mean,0.95899303263916602
teacher_development_smoke,cadence-teacher-rnn-v1-smoke-development-05-1bdf4fc0ce82,proposed_no_target_adaptation,neural_pathwise_mean_causal_skill_mean,0.0018415632297649198
teacher_development_smoke,cadence-teacher-rnn-v1-smoke-development-05-1bdf4fc0ce82,proposed_no_target_adaptation,behavior_pathwise_mean_causal_skill_mean,0.95084711716446801
teacher_development_smoke,cadence-teacher-rnn-v1-smoke-development-05-1bdf4fc0ce82,proposed_no_target_adaptation,gauge_true_h_neural_pathwise_mean_causal_skill_mean,-0.064385520699760335
teacher_development_smoke,cadence-teacher-rnn-v1-smoke-development-05-1bdf4fc0ce82,proposed_no_target_adaptation,gauge_true_h_neural_condition_averaged_causal_skill_mean,0.00095031185049621048
teacher_development_smoke,cadence-teacher-rnn-v1-smoke-development-05-1bdf4fc0ce82,proposed_no_target_adaptation,neural_causal_skill_mean,4.2695806526049651e-05
teacher_development_smoke,cadence-teacher-rnn-v1-smoke-development-05-1bdf4fc0ce82,proposed_no_target_adaptation,behavior_causal_skill_mean,0.95151546414509658
teacher_development_smoke,cadence-teacher-rnn-v1-smoke-development-05-1bdf4fc0ce82,proposed_no_target_adaptation,neural_effect_nrmse_mean,0.17836732656733667
teacher_development_smoke,cadence-teacher-rnn-v1-smoke-development-05-1bdf4fc0ce82,proposed_no_target_adaptation,behavior_effect_nrmse_mean,0.099169963160780694
teacher_development_smoke,cadence-teacher-rnn-v1-smoke-development-05-1bdf4fc0ce82,proposed_no_target_adaptation,neural_treated_nrmse_mean,1.5029147206688065
teacher_development_smoke,cadence-teacher-rnn-v1-smoke-development-05-1bdf4fc0ce82,proposed_no_target_adaptation,behavior_treated_nrmse_mean,0.8534084220709075
teacher_development_smoke,cadence-teacher-rnn-v1-smoke-development-05-1bdf4fc0ce82,proposed_no_target_adaptation,latent_effect_skill_affine_gauge_mean,-0.020729779128018544
teacher_development_smoke,cadence-teacher-rnn-v1-smoke-development-05-1bdf4fc0ce82,proposed_no_target_adaptation,latent_treated_r2_affine_gauge_mean,-0.61013368196072326
teacher_development_smoke,cadence-teacher-rnn-v1-smoke-development-05-1bdf4fc0ce82,proposed_no_target_adaptation,shared_vector_field_r2_affine_gauge_mean,-0.54414675121184275
teacher_development_smoke,cadence-teacher-rnn-v1-smoke-development-05-1bdf4fc0ce82,proposed_no_target_adaptation,shared_vector_field_cosine_affine_gauge_mean,0.36229334900138471
teacher_development_smoke,cadence-teacher-rnn-v1-smoke-development-05-1bdf4fc0ce82,proposed_no_target_adaptation,shared_operator_linear_cka_affine_gauge_mean,0.99308745781035634
teacher_development_smoke,cadence-teacher-rnn-v1-smoke-development-05-1bdf4fc0ce82,proposed_no_target_adaptation,neural_observation_oracle_causal_skill_mean,0.063961238784756014
teacher_development_smoke,cadence-teacher-rnn-v1-smoke-development-05-1bdf4fc0ce82,proposed_no_target_adaptation,behavior_observation_oracle_causal_skill_mean,1
teacher_development_smoke,cadence-teacher-rnn-v1-smoke-development-05-1bdf4fc0ce82,proposed_no_target_adaptation,neural_condition_averaged_oracle_causal_skill_mean,0.31242787970412467
teacher_development_smoke,cadence-teacher-rnn-v1-smoke-development-05-1bdf4fc0ce82,proposed_no_target_adaptation,behavior_condition_averaged_oracle_causal_skill_mean,1
teacher_development_smoke,cadence-teacher-rnn-v1-smoke-development-05-1bdf4fc0ce82,proposed_no_target_residual,neural_condition_averaged_causal_skill_mean,0.025853562670701713
teacher_development_smoke,cadence-teacher-rnn-v1-smoke-development-05-1bdf4fc0ce82,proposed_no_target_residual,behavior_condition_averaged_causal_skill_mean,0.96497443275042016
teacher_development_smoke,cadence-teacher-rnn-v1-smoke-development-05-1bdf4fc0ce82,proposed_no_target_residual,neural_pathwise_mean_causal_skill_mean,0.052474231219266088
teacher_development_smoke,cadence-teacher-rnn-v1-smoke-development-05-1bdf4fc0ce82,proposed_no_target_residual,behavior_pathwise_mean_causal_skill_mean,0.95816158931290163
teacher_development_smoke,cadence-teacher-rnn-v1-smoke-development-05-1bdf4fc0ce82,proposed_no_target_residual,gauge_true_h_neural_pathwise_mean_causal_skill_mean,0.64733438687177158
teacher_development_smoke,cadence-teacher-rnn-v1-smoke-development-05-1bdf4fc0ce82,proposed_no_target_residual,gauge_true_h_neural_condition_averaged_causal_skill_mean,0.21994151198104472
teacher_development_smoke,cadence-teacher-rnn-v1-smoke-development-05-1bdf4fc0ce82,proposed_no_target_residual,neural_causal_skill_mean,0.0051151431170588513
teacher_development_smoke,cadence-teacher-rnn-v1-smoke-development-05-1bdf4fc0ce82,proposed_no_target_residual,behavior_causal_skill_mean,0.95870650366461307
teacher_development_smoke,cadence-teacher-rnn-v1-smoke-development-05-1bdf4fc0ce82,proposed_no_target_residual,neural_effect_nrmse_mean,0.17791435264237562
teacher_development_smoke,cadence-teacher-rnn-v1-smoke-development-05-1bdf4fc0ce82,proposed_no_target_residual,behavior_effect_nrmse_mean,0.091520705405992664
teacher_development_smoke,cadence-teacher-rnn-v1-smoke-development-05-1bdf4fc0ce82,proposed_no_target_residual,neural_treated_nrmse_mean,1.0172655618648136
teacher_development_smoke,cadence-teacher-rnn-v1-smoke-development-05-1bdf4fc0ce82,proposed_no_target_residual,behavior_treated_nrmse_mean,0.4095144127196903
teacher_development_smoke,cadence-teacher-rnn-v1-smoke-development-05-1bdf4fc0ce82,proposed_no_target_residual,latent_effect_skill_affine_gauge_mean,0.72932018188439618
teacher_development_smoke,cadence-teacher-rnn-v1-smoke-development-05-1bdf4fc0ce82,proposed_no_target_residual,latent_treated_r2_affine_gauge_mean,0.61271002600670965
teacher_development_smoke,cadence-teacher-rnn-v1-smoke-development-05-1bdf4fc0ce82,proposed_no_target_residual,shared_vector_field_r2_affine_gauge_mean,0.58310763976512514
teacher_development_smoke,cadence-teacher-rnn-v1-smoke-development-05-1bdf4fc0ce82,proposed_no_target_residual,shared_vector_field_cosine_affine_gauge_mean,0.87274374790178444
teacher_development_smoke,cadence-teacher-rnn-v1-smoke-development-05-1bdf4fc0ce82,proposed_no_target_residual,shared_operator_linear_cka_affine_gauge_mean,0.99566124842875792
teacher_development_smoke,cadence-teacher-rnn-v1-smoke-development-05-1bdf4fc0ce82,proposed_no_target_residual,neural_observation_oracle_causal_skill_mean,0.063961238784756014
teacher_development_smoke,cadence-teacher-rnn-v1-smoke-development-05-1bdf4fc0ce82,proposed_no_target_residual,behavior_observation_oracle_causal_skill_mean,1
teacher_development_smoke,cadence-teacher-rnn-v1-smoke-development-05-1bdf4fc0ce82,proposed_no_target_residual,neural_condition_averaged_oracle_causal_skill_mean,0.31242787970412467
teacher_development_smoke,cadence-teacher-rnn-v1-smoke-development-05-1bdf4fc0ce82,proposed_no_target_residual,behavior_condition_averaged_oracle_causal_skill_mean,1
teacher_development_smoke,cadence-teacher-rnn-v1-smoke-development-05-1bdf4fc0ce82,zero_effect,neural_condition_averaged_causal_skill_mean,0
teacher_development_smoke,cadence-teacher-rnn-v1-smoke-development-05-1bdf4fc0ce82,zero_effect,behavior_condition_averaged_causal_skill_mean,0
teacher_development_smoke,cadence-teacher-rnn-v1-smoke-development-05-1bdf4fc0ce82,zero_effect,neural_pathwise_mean_causal_skill_mean,0
teacher_development_smoke,cadence-teacher-rnn-v1-smoke-development-05-1bdf4fc0ce82,zero_effect,behavior_pathwise_mean_causal_skill_mean,0
teacher_development_smoke,cadence-teacher-rnn-v1-smoke-development-05-1bdf4fc0ce82,zero_effect,gauge_true_h_neural_pathwise_mean_causal_skill_mean,0
teacher_development_smoke,cadence-teacher-rnn-v1-smoke-development-05-1bdf4fc0ce82,zero_effect,gauge_true_h_neural_condition_averaged_causal_skill_mean,0
teacher_development_smoke,cadence-teacher-rnn-v1-smoke-development-05-1bdf4fc0ce82,zero_effect,neural_causal_skill_mean,0
teacher_development_smoke,cadence-teacher-rnn-v1-smoke-development-05-1bdf4fc0ce82,zero_effect,behavior_causal_skill_mean,0
teacher_development_smoke,cadence-teacher-rnn-v1-smoke-development-05-1bdf4fc0ce82,zero_effect,neural_effect_nrmse_mean,0.17837113445770567
teacher_development_smoke,cadence-teacher-rnn-v1-smoke-development-05-1bdf4fc0ce82,zero_effect,behavior_effect_nrmse_mean,0.45037941314326524
teacher_development_smoke,cadence-teacher-rnn-v1-smoke-development-05-1bdf4fc0ce82,zero_effect,neural_treated_nrmse_mean,1.0181217662882511
teacher_development_smoke,cadence-teacher-rnn-v1-smoke-development-05-1bdf4fc0ce82,zero_effect,behavior_treated_nrmse_mean,0.60610533942503297
teacher_development_smoke,cadence-teacher-rnn-v1-smoke-development-05-1bdf4fc0ce82,zero_effect,latent_effect_skill_affine_gauge_mean,0
teacher_development_smoke,cadence-teacher-rnn-v1-smoke-development-05-1bdf4fc0ce82,zero_effect,latent_treated_r2_affine_gauge_mean,0.38342844631274864
teacher_development_smoke,cadence-teacher-rnn-v1-smoke-development-05-1bdf4fc0ce82,zero_effect,neural_observation_oracle_causal_skill_mean,0.063961238784756014
teacher_development_smoke,cadence-teacher-rnn-v1-smoke-development-05-1bdf4fc0ce82,zero_effect,behavior_observation_oracle_causal_skill_mean,1
teacher_development_smoke,cadence-teacher-rnn-v1-smoke-development-05-1bdf4fc0ce82,zero_effect,neural_condition_averaged_oracle_causal_skill_mean,0.31242787970412467
teacher_development_smoke,cadence-teacher-rnn-v1-smoke-development-05-1bdf4fc0ce82,zero_effect,behavior_condition_averaged_oracle_causal_skill_mean,1
teacher_development_smoke,cadence-teacher-rnn-v1-smoke-development-06-b9ba4fd1e328,additive,neural_condition_averaged_causal_skill_mean,-0.39789229411059113
teacher_development_smoke,cadence-teacher-rnn-v1-smoke-development-06-b9ba4fd1e328,additive,behavior_condition_averaged_causal_skill_mean,0.060224355992953837
teacher_development_smoke,cadence-teacher-rnn-v1-smoke-development-06-b9ba4fd1e328,additive,neural_pathwise_mean_causal_skill_mean,-1.3147604356912095
teacher_development_smoke,cadence-teacher-rnn-v1-smoke-development-06-b9ba4fd1e328,additive,behavior_pathwise_mean_causal_skill_mean,0.063681107505631496
teacher_development_smoke,cadence-teacher-rnn-v1-smoke-development-06-b9ba4fd1e328,additive,gauge_true_h_neural_pathwise_mean_causal_skill_mean,-0.63847075792929919
teacher_development_smoke,cadence-teacher-rnn-v1-smoke-development-06-b9ba4fd1e328,additive,gauge_true_h_neural_condition_averaged_causal_skill_mean,-0.18851833052694977
teacher_development_smoke,cadence-teacher-rnn-v1-smoke-development-06-b9ba4fd1e328,additive,neural_causal_skill_mean,-0.087617964591198305
teacher_development_smoke,cadence-teacher-rnn-v1-smoke-development-06-b9ba4fd1e328,additive,behavior_causal_skill_mean,0.060115060342029514
teacher_development_smoke,cadence-teacher-rnn-v1-smoke-development-06-b9ba4fd1e328,additive,neural_effect_nrmse_mean,0.1637176623473596
teacher_development_smoke,cadence-teacher-rnn-v1-smoke-development-06-b9ba4fd1e328,additive,behavior_effect_nrmse_mean,0.35092013528049171
teacher_development_smoke,cadence-teacher-rnn-v1-smoke-development-06-b9ba4fd1e328,additive,neural_treated_nrmse_mean,1.0277088764434126
teacher_development_smoke,cadence-teacher-rnn-v1-smoke-development-06-b9ba4fd1e328,additive,behavior_treated_nrmse_mean,0.84960375587992143
teacher_development_smoke,cadence-teacher-rnn-v1-smoke-development-06-b9ba4fd1e328,additive,latent_effect_skill_affine_gauge_mean,-0.13321032285915035
teacher_development_smoke,cadence-teacher-rnn-v1-smoke-development-06-b9ba4fd1e328,additive,latent_treated_r2_affine_gauge_mean,-0.12069644351628561
teacher_development_smoke,cadence-teacher-rnn-v1-smoke-development-06-b9ba4fd1e328,additive,shared_vector_field_r2_affine_gauge_mean,0.076218079771751102
teacher_development_smoke,cadence-teacher-rnn-v1-smoke-development-06-b9ba4fd1e328,additive,shared_vector_field_cosine_affine_gauge_mean,0.4551110252940978
teacher_development_smoke,cadence-teacher-rnn-v1-smoke-development-06-b9ba4fd1e328,additive,shared_operator_linear_cka_affine_gauge_mean,0.99338376070758105
teacher_development_smoke,cadence-teacher-rnn-v1-smoke-development-06-b9ba4fd1e328,additive,neural_observation_oracle_causal_skill_mean,0.053998183554383683
teacher_development_smoke,cadence-teacher-rnn-v1-smoke-development-06-b9ba4fd1e328,additive,behavior_observation_oracle_causal_skill_mean,1
teacher_development_smoke,cadence-teacher-rnn-v1-smoke-development-06-b9ba4fd1e328,additive,neural_condition_averaged_oracle_causal_skill_mean,0.25057623374676496
teacher_development_smoke,cadence-teacher-rnn-v1-smoke-development-06-b9ba4fd1e328,additive,behavior_condition_averaged_oracle_causal_skill_mean,1
teacher_development_smoke,cadence-teacher-rnn-v1-smoke-development-06-b9ba4fd1e328,additive,query_coordinate_fraction_outside_normal_rollout_range,0.22592592592592592
teacher_development_smoke,cadence-teacher-rnn-v1-smoke-development-06-b9ba4fd1e328,black_box,neural_condition_averaged_causal_skill_mean,-0.019611715156399923
teacher_development_smoke,cadence-teacher-rnn-v1-smoke-development-06-b9ba4fd1e328,black_box,behavior_condition_averaged_causal_skill_mean,0.64700293629248951
teacher_development_smoke,cadence-teacher-rnn-v1-smoke-development-06-b9ba4fd1e328,black_box,neural_pathwise_mean_causal_skill_mean,-0.21729508732414682
teacher_development_smoke,cadence-teacher-rnn-v1-smoke-development-06-b9ba4fd1e328,black_box,behavior_pathwise_mean_causal_skill_mean,0.59133356698200035
teacher_development_smoke,cadence-teacher-rnn-v1-smoke-development-06-b9ba4fd1e328,black_box,gauge_true_h_neural_pathwise_mean_causal_skill_mean,-0.29046113787734851
teacher_development_smoke,cadence-teacher-rnn-v1-smoke-development-06-b9ba4fd1e328,black_box,gauge_true_h_neural_condition_averaged_causal_skill_mean,-0.084681099783866731
teacher_development_smoke,cadence-teacher-rnn-v1-smoke-development-06-b9ba4fd1e328,black_box,neural_causal_skill_mean,-0.0048141015330998016
teacher_development_smoke,cadence-teacher-rnn-v1-smoke-development-06-b9ba4fd1e328,black_box,behavior_causal_skill_mean,0.6355132651556985
teacher_development_smoke,cadence-teacher-rnn-v1-smoke-development-06-b9ba4fd1e328,black_box,neural_effect_nrmse_mean,0.15736212419224915
teacher_development_smoke,cadence-teacher-rnn-v1-smoke-development-06-b9ba4fd1e328,black_box,behavior_effect_nrmse_mean,0.21853037266489206
teacher_development_smoke,cadence-teacher-rnn-v1-smoke-development-06-b9ba4fd1e328,black_box,neural_treated_nrmse_mean,1.0295886058165116
teacher_development_smoke,cadence-teacher-rnn-v1-smoke-development-06-b9ba4fd1e328,black_box,behavior_treated_nrmse_mean,0.50871115819787938
teacher_development_smoke,cadence-teacher-rnn-v1-smoke-development-06-b9ba4fd1e328,black_box,latent_effect_skill_affine_gauge_mean,0.047739650149619228
teacher_development_smoke,cadence-teacher-rnn-v1-smoke-development-06-b9ba4fd1e328,black_box,latent_treated_r2_affine_gauge_mean,0.15611749793767848
teacher_development_smoke,cadence-teacher-rnn-v1-smoke-development-06-b9ba4fd1e328,black_box,shared_vector_field_r2_affine_gauge_mean,-0.047981393241439463
teacher_development_smoke,cadence-teacher-rnn-v1-smoke-development-06-b9ba4fd1e328,black_box,shared_vector_field_cosine_affine_gauge_mean,0.36243163302790177
teacher_development_smoke,cadence-teacher-rnn-v1-smoke-development-06-b9ba4fd1e328,black_box,shared_operator_linear_cka_affine_gauge_mean,0.89799376393786157
teacher_development_smoke,cadence-teacher-rnn-v1-smoke-development-06-b9ba4fd1e328,black_box,neural_observation_oracle_causal_skill_mean,0.053998183554383683
teacher_development_smoke,cadence-teacher-rnn-v1-smoke-development-06-b9ba4fd1e328,black_box,behavior_observation_oracle_causal_skill_mean,1
teacher_development_smoke,cadence-teacher-rnn-v1-smoke-development-06-b9ba4fd1e328,black_box,neural_condition_averaged_oracle_causal_skill_mean,0.25057623374676496
teacher_development_smoke,cadence-teacher-rnn-v1-smoke-development-06-b9ba4fd1e328,black_box,behavior_condition_averaged_oracle_causal_skill_mean,1
teacher_development_smoke,cadence-teacher-rnn-v1-smoke-development-06-b9ba4fd1e328,black_box,query_coordinate_fraction_outside_normal_rollout_range,0.081481481481481488
teacher_development_smoke,cadence-teacher-rnn-v1-smoke-development-06-b9ba4fd1e328,linear,neural_condition_averaged_causal_skill_mean,-0.058208549127240827
teacher_development_smoke,cadence-teacher-rnn-v1-smoke-development-06-b9ba4fd1e328,linear,behavior_condition_averaged_causal_skill_mean,0.81248572344271897
teacher_development_smoke,cadence-teacher-rnn-v1-smoke-development-06-b9ba4fd1e328,linear,neural_pathwise_mean_causal_skill_mean,-0.29749317909992756
teacher_development_smoke,cadence-teacher-rnn-v1-smoke-development-06-b9ba4fd1e328,linear,behavior_pathwise_mean_causal_skill_mean,0.78963896422816293
teacher_development_smoke,cadence-teacher-rnn-v1-smoke-development-06-b9ba4fd1e328,linear,gauge_true_h_neural_pathwise_mean_causal_skill_mean,-0.35494137265406445
teacher_development_smoke,cadence-teacher-rnn-v1-smoke-development-06-b9ba4fd1e328,linear,gauge_true_h_neural_condition_averaged_causal_skill_mean,-0.1152322798030001
teacher_development_smoke,cadence-teacher-rnn-v1-smoke-development-06-b9ba4fd1e328,linear,neural_causal_skill_mean,-0.01270434818157451
teacher_development_smoke,cadence-teacher-rnn-v1-smoke-development-06-b9ba4fd1e328,linear,behavior_causal_skill_mean,0.81015923974272464
teacher_development_smoke,cadence-teacher-rnn-v1-smoke-development-06-b9ba4fd1e328,linear,neural_effect_nrmse_mean,0.1579787546937067
teacher_development_smoke,cadence-teacher-rnn-v1-smoke-development-06-b9ba4fd1e328,linear,behavior_effect_nrmse_mean,0.15771233982020064
teacher_development_smoke,cadence-teacher-rnn-v1-smoke-development-06-b9ba4fd1e328,linear,neural_treated_nrmse_mean,1.028292404744237
teacher_development_smoke,cadence-teacher-rnn-v1-smoke-development-06-b9ba4fd1e328,linear,behavior_treated_nrmse_mean,0.47475521009081578
teacher_development_smoke,cadence-teacher-rnn-v1-smoke-development-06-b9ba4fd1e328,linear,latent_effect_skill_affine_gauge_mean,0.029624033842950648
teacher_development_smoke,cadence-teacher-rnn-v1-smoke-development-06-b9ba4fd1e328,linear,latent_treated_r2_affine_gauge_mean,0.22583116147775928
teacher_development_smoke,cadence-teacher-rnn-v1-smoke-development-06-b9ba4fd1e328,linear,shared_vector_field_r2_affine_gauge_mean,0.079288037982118253
teacher_development_smoke,cadence-teacher-rnn-v1-smoke-development-06-b9ba4fd1e328,linear,shared_vector_field_cosine_affine_gauge_mean,0.45101884503306477
teacher_development_smoke,cadence-teacher-rnn-v1-smoke-development-06-b9ba4fd1e328,linear,shared_operator_linear_cka_affine_gauge_mean,0.99338376292390085
teacher_development_smoke,cadence-teacher-rnn-v1-smoke-development-06-b9ba4fd1e328,linear,neural_observation_oracle_causal_skill_mean,0.053998183554383683
teacher_development_smoke,cadence-teacher-rnn-v1-smoke-development-06-b9ba4fd1e328,linear,behavior_observation_oracle_causal_skill_mean,1
teacher_development_smoke,cadence-teacher-rnn-v1-smoke-development-06-b9ba4fd1e328,linear,neural_condition_averaged_oracle_causal_skill_mean,0.25057623374676496
teacher_development_smoke,cadence-teacher-rnn-v1-smoke-development-06-b9ba4fd1e328,linear,behavior_condition_averaged_oracle_causal_skill_mean,1
teacher_development_smoke,cadence-teacher-rnn-v1-smoke-development-06-b9ba4fd1e328,linear,query_coordinate_fraction_outside_normal_rollout_range,0.074999999999999997
teacher_development_smoke,cadence-teacher-rnn-v1-smoke-development-06-b9ba4fd1e328,proposed,neural_condition_averaged_causal_skill_mean,-0.11745395528002689
teacher_development_smoke,cadence-teacher-rnn-v1-smoke-development-06-b9ba4fd1e328,proposed,behavior_condition_averaged_causal_skill_mean,0.0995090198403632
teacher_development_smoke,cadence-teacher-rnn-v1-smoke-development-06-b9ba4fd1e328,proposed,neural_pathwise_mean_causal_skill_mean,-0.28448153102316986
teacher_development_smoke,cadence-teacher-rnn-v1-smoke-development-06-b9ba4fd1e328,proposed,behavior_pathwise_mean_causal_skill_mean,0.087492966121175297
teacher_development_smoke,cadence-teacher-rnn-v1-smoke-development-06-b9ba4fd1e328,proposed,gauge_true_h_neural_pathwise_mean_causal_skill_mean,-2.121549722784732
teacher_development_smoke,cadence-teacher-rnn-v1-smoke-development-06-b9ba4fd1e328,proposed,gauge_true_h_neural_condition_averaged_causal_skill_mean,-0.72080497541363431
teacher_development_smoke,cadence-teacher-rnn-v1-smoke-development-06-b9ba4fd1e328,proposed,neural_causal_skill_mean,-0.029919527158230208
teacher_development_smoke,cadence-teacher-rnn-v1-smoke-development-06-b9ba4fd1e328,proposed,behavior_causal_skill_mean,0.098695105433493802
teacher_development_smoke,cadence-teacher-rnn-v1-smoke-development-06-b9ba4fd1e328,proposed,neural_effect_nrmse_mean,0.15931585364220063
teacher_development_smoke,cadence-teacher-rnn-v1-smoke-development-06-b9ba4fd1e328,proposed,behavior_effect_nrmse_mean,0.34364245066762789
teacher_development_smoke,cadence-teacher-rnn-v1-smoke-development-06-b9ba4fd1e328,proposed,neural_treated_nrmse_mean,1.0301709622936894
teacher_development_smoke,cadence-teacher-rnn-v1-smoke-development-06-b9ba4fd1e328,proposed,behavior_treated_nrmse_mean,0.84856033215103877
teacher_development_smoke,cadence-teacher-rnn-v1-smoke-development-06-b9ba4fd1e328,proposed,latent_effect_skill_affine_gauge_mean,-1.0856702767406046
teacher_development_smoke,cadence-teacher-rnn-v1-smoke-development-06-b9ba4fd1e328,proposed,latent_treated_r2_affine_gauge_mean,-0.01595419525519004
teacher_development_smoke,cadence-teacher-rnn-v1-smoke-development-06-b9ba4fd1e328,proposed,shared_vector_field_r2_affine_gauge_mean,-0.83263056440017635
teacher_development_smoke,cadence-teacher-rnn-v1-smoke-development-06-b9ba4fd1e328,proposed,shared_vector_field_cosine_affine_gauge_mean,0.16394584690030231
teacher_development_smoke,cadence-teacher-rnn-v1-smoke-development-06-b9ba4fd1e328,proposed,shared_operator_linear_cka_affine_gauge_mean,0.80481560102158511
teacher_development_smoke,cadence-teacher-rnn-v1-smoke-development-06-b9ba4fd1e328,proposed,neural_observation_oracle_causal_skill_mean,0.053998183554383683
teacher_development_smoke,cadence-teacher-rnn-v1-smoke-development-06-b9ba4fd1e328,proposed,behavior_observation_oracle_causal_skill_mean,1
teacher_development_smoke,cadence-teacher-rnn-v1-smoke-development-06-b9ba4fd1e328,proposed,neural_condition_averaged_oracle_causal_skill_mean,0.25057623374676496
teacher_development_smoke,cadence-teacher-rnn-v1-smoke-development-06-b9ba4fd1e328,proposed,behavior_condition_averaged_oracle_causal_skill_mean,1
teacher_development_smoke,cadence-teacher-rnn-v1-smoke-development-06-b9ba4fd1e328,proposed,query_coordinate_fraction_outside_normal_rollout_range,0.17314814814814813
teacher_development_smoke,cadence-teacher-rnn-v1-smoke-development-06-b9ba4fd1e328,proposed_native_decoder,neural_condition_averaged_causal_skill_mean,-1.0070806648507031
teacher_development_smoke,cadence-teacher-rnn-v1-smoke-development-06-b9ba4fd1e328,proposed_native_decoder,behavior_condition_averaged_causal_skill_mean,0.0995090198403632
teacher_development_smoke,cadence-teacher-rnn-v1-smoke-development-06-b9ba4fd1e328,proposed_native_decoder,neural_pathwise_mean_causal_skill_mean,-3.2567361735696032
teacher_development_smoke,cadence-teacher-rnn-v1-smoke-development-06-b9ba4fd1e328,proposed_native_decoder,behavior_pathwise_mean_causal_skill_mean,0.087492966121175297
teacher_development_smoke,cadence-teacher-rnn-v1-smoke-development-06-b9ba4fd1e328,proposed_native_decoder,gauge_true_h_neural_pathwise_mean_causal_skill_mean,-2.121549722784732
teacher_development_smoke,cadence-teacher-rnn-v1-smoke-development-06-b9ba4fd1e328,proposed_native_decoder,gauge_true_h_neural_condition_averaged_causal_skill_mean,-0.72080497541363431
teacher_development_smoke,cadence-teacher-rnn-v1-smoke-development-06-b9ba4fd1e328,proposed_native_decoder,neural_causal_skill_mean,-0.2885151707278768
teacher_development_smoke,cadence-teacher-rnn-v1-smoke-development-06-b9ba4fd1e328,proposed_native_decoder,behavior_causal_skill_mean,0.098695105433493802
teacher_development_smoke,cadence-teacher-rnn-v1-smoke-development-06-b9ba4fd1e328,proposed_native_decoder,neural_effect_nrmse_mean,0.17819770924991657
teacher_development_smoke,cadence-teacher-rnn-v1-smoke-development-06-b9ba4fd1e328,proposed_native_decoder,behavior_effect_nrmse_mean,0.34364245066762789
teacher_development_smoke,cadence-teacher-rnn-v1-smoke-development-06-b9ba4fd1e328,proposed_native_decoder,neural_treated_nrmse_mean,1.0412482065203505
teacher_development_smoke,cadence-teacher-rnn-v1-smoke-development-06-b9ba4fd1e328,proposed_native_decoder,behavior_treated_nrmse_mean,0.84856033215103877
teacher_development_smoke,cadence-teacher-rnn-v1-smoke-development-06-b9ba4fd1e328,proposed_native_decoder,latent_effect_skill_affine_gauge_mean,-1.0856702767406046
teacher_development_smoke,cadence-teacher-rnn-v1-smoke-development-06-b9ba4fd1e328,proposed_native_decoder,latent_treated_r2_affine_gauge_mean,-0.01595419525519004
teacher_development_smoke,cadence-teacher-rnn-v1-smoke-development-06-b9ba4fd1e328,proposed_native_decoder,shared_vector_field_r2_affine_gauge_mean,-0.83263056440017635
teacher_development_smoke,cadence-teacher-rnn-v1-smoke-development-06-b9ba4fd1e328,proposed_native_decoder,shared_vector_field_cosine_affine_gauge_mean,0.16394584690030231
teacher_development_smoke,cadence-teacher-rnn-v1-smoke-development-06-b9ba4fd1e328,proposed_native_decoder,shared_operator_linear_cka_affine_gauge_mean,0.80481560102158511
teacher_development_smoke,cadence-teacher-rnn-v1-smoke-development-06-b9ba4fd1e328,proposed_native_decoder,neural_observation_oracle_causal_skill_mean,0.053998183554383683
teacher_development_smoke,cadence-teacher-rnn-v1-smoke-development-06-b9ba4fd1e328,proposed_native_decoder,behavior_observation_oracle_causal_skill_mean,1
teacher_development_smoke,cadence-teacher-rnn-v1-smoke-development-06-b9ba4fd1e328,proposed_native_decoder,neural_condition_averaged_oracle_causal_skill_mean,0.25057623374676496
teacher_development_smoke,cadence-teacher-rnn-v1-smoke-development-06-b9ba4fd1e328,proposed_native_decoder,behavior_condition_averaged_oracle_causal_skill_mean,1
teacher_development_smoke,cadence-teacher-rnn-v1-smoke-development-06-b9ba4fd1e328,proposed_no_target_adaptation,neural_condition_averaged_causal_skill_mean,-0.022000752851450978
teacher_development_smoke,cadence-teacher-rnn-v1-smoke-development-06-b9ba4fd1e328,proposed_no_target_adaptation,behavior_condition_averaged_causal_skill_mean,0.18353633567972727
teacher_development_smoke,cadence-teacher-rnn-v1-smoke-development-06-b9ba4fd1e328,proposed_no_target_adaptation,neural_pathwise_mean_causal_skill_mean,-0.061259282745379728
teacher_development_smoke,cadence-teacher-rnn-v1-smoke-development-06-b9ba4fd1e328,proposed_no_target_adaptation,behavior_pathwise_mean_causal_skill_mean,0.17214775163317153
teacher_development_smoke,cadence-teacher-rnn-v1-smoke-development-06-b9ba4fd1e328,proposed_no_target_adaptation,gauge_true_h_neural_pathwise_mean_causal_skill_mean,-6.0020248815774311
teacher_development_smoke,cadence-teacher-rnn-v1-smoke-development-06-b9ba4fd1e328,proposed_no_target_adaptation,gauge_true_h_neural_condition_averaged_causal_skill_mean,-3.1275274366805217
teacher_development_smoke,cadence-teacher-rnn-v1-smoke-development-06-b9ba4fd1e328,proposed_no_target_adaptation,neural_causal_skill_mean,-0.0048148630846873708
teacher_development_smoke,cadence-teacher-rnn-v1-smoke-development-06-b9ba4fd1e328,proposed_no_target_adaptation,behavior_causal_skill_mean,0.18306306104731029
teacher_development_smoke,cadence-teacher-rnn-v1-smoke-development-06-b9ba4fd1e328,proposed_no_target_adaptation,neural_effect_nrmse_mean,0.15736218382484815
teacher_development_smoke,cadence-teacher-rnn-v1-smoke-development-06-b9ba4fd1e328,proposed_no_target_adaptation,behavior_effect_nrmse_mean,0.32716377420744547
teacher_development_smoke,cadence-teacher-rnn-v1-smoke-development-06-b9ba4fd1e328,proposed_no_target_adaptation,neural_treated_nrmse_mean,1.4968160096713021
teacher_development_smoke,cadence-teacher-rnn-v1-smoke-development-06-b9ba4fd1e328,proposed_no_target_adaptation,behavior_treated_nrmse_mean,0.82778213807017798
teacher_development_smoke,cadence-teacher-rnn-v1-smoke-development-06-b9ba4fd1e328,proposed_no_target_adaptation,latent_effect_skill_affine_gauge_mean,-6.3387938766108176
teacher_development_smoke,cadence-teacher-rnn-v1-smoke-development-06-b9ba4fd1e328,proposed_no_target_adaptation,latent_treated_r2_affine_gauge_mean,-5.925369964153905
teacher_development_smoke,cadence-teacher-rnn-v1-smoke-development-06-b9ba4fd1e328,proposed_no_target_adaptation,shared_vector_field_r2_affine_gauge_mean,-3.7253766642887856
teacher_development_smoke,cadence-teacher-rnn-v1-smoke-development-06-b9ba4fd1e328,proposed_no_target_adaptation,shared_vector_field_cosine_affine_gauge_mean,0.35123514254930577
teacher_development_smoke,cadence-teacher-rnn-v1-smoke-development-06-b9ba4fd1e328,proposed_no_target_adaptation,shared_operator_linear_cka_affine_gauge_mean,0.98850656835801687
teacher_development_smoke,cadence-teacher-rnn-v1-smoke-development-06-b9ba4fd1e328,proposed_no_target_adaptation,neural_observation_oracle_causal_skill_mean,0.053998183554383683
teacher_development_smoke,cadence-teacher-rnn-v1-smoke-development-06-b9ba4fd1e328,proposed_no_target_adaptation,behavior_observation_oracle_causal_skill_mean,1
teacher_development_smoke,cadence-teacher-rnn-v1-smoke-development-06-b9ba4fd1e328,proposed_no_target_adaptation,neural_condition_averaged_oracle_causal_skill_mean,0.25057623374676496
teacher_development_smoke,cadence-teacher-rnn-v1-smoke-development-06-b9ba4fd1e328,proposed_no_target_adaptation,behavior_condition_averaged_oracle_causal_skill_mean,1
teacher_development_smoke,cadence-teacher-rnn-v1-smoke-development-06-b9ba4fd1e328,proposed_no_target_residual,neural_condition_averaged_causal_skill_mean,-0.11051878896531031
teacher_development_smoke,cadence-teacher-rnn-v1-smoke-development-06-b9ba4fd1e328,proposed_no_target_residual,behavior_condition_averaged_causal_skill_mean,0.09203922180056201
teacher_development_smoke,cadence-teacher-rnn-v1-smoke-development-06-b9ba4fd1e328,proposed_no_target_residual,neural_pathwise_mean_causal_skill_mean,-0.27466383900517233
teacher_development_smoke,cadence-teacher-rnn-v1-smoke-development-06-b9ba4fd1e328,proposed_no_target_residual,behavior_pathwise_mean_causal_skill_mean,0.079860840030080094
teacher_development_smoke,cadence-teacher-rnn-v1-smoke-development-06-b9ba4fd1e328,proposed_no_target_residual,gauge_true_h_neural_pathwise_mean_causal_skill_mean,-2.1423874772870026
teacher_development_smoke,cadence-teacher-rnn-v1-smoke-development-06-b9ba4fd1e328,proposed_no_target_residual,gauge_true_h_neural_condition_averaged_causal_skill_mean,-0.72892862208413844
teacher_development_smoke,cadence-teacher-rnn-v1-smoke-development-06-b9ba4fd1e328,proposed_no_target_residual,neural_causal_skill_mean,-0.028393458978965613
teacher_development_smoke,cadence-teacher-rnn-v1-smoke-development-06-b9ba4fd1e328,proposed_no_target_residual,behavior_causal_skill_mean,0.091306144714872972
teacher_development_smoke,cadence-teacher-rnn-v1-smoke-development-06-b9ba4fd1e328,proposed_no_target_residual,neural_effect_nrmse_mean,0.15919777792002876
teacher_development_smoke,cadence-teacher-rnn-v1-smoke-development-06-b9ba4fd1e328,proposed_no_target_residual,behavior_effect_nrmse_mean,0.34504817793780085
teacher_development_smoke,cadence-teacher-rnn-v1-smoke-development-06-b9ba4fd1e328,proposed_no_target_residual,neural_treated_nrmse_mean,1.0299368615264521
teacher_development_smoke,cadence-teacher-rnn-v1-smoke-development-06-b9ba4fd1e328,proposed_no_target_residual,behavior_treated_nrmse_mean,0.85046631054308064
teacher_development_smoke,cadence-teacher-rnn-v1-smoke-development-06-b9ba4fd1e328,proposed_no_target_residual,latent_effect_skill_affine_gauge_mean,-1.0976983816892165
teacher_development_smoke,cadence-teacher-rnn-v1-smoke-development-06-b9ba4fd1e328,proposed_no_target_residual,latent_treated_r2_affine_gauge_mean,-0.029652854496611702
teacher_development_smoke,cadence-teacher-rnn-v1-smoke-development-06-b9ba4fd1e328,proposed_no_target_residual,shared_vector_field_r2_affine_gauge_mean,-0.83263056440017635
teacher_development_smoke,cadence-teacher-rnn-v1-smoke-development-06-b9ba4fd1e328,proposed_no_target_residual,shared_vector_field_cosine_affine_gauge_mean,0.16394584690030231
teacher_development_smoke,cadence-teacher-rnn-v1-smoke-development-06-b9ba4fd1e328,proposed_no_target_residual,shared_operator_linear_cka_affine_gauge_mean,0.80481560102158511
teacher_development_smoke,cadence-teacher-rnn-v1-smoke-development-06-b9ba4fd1e328,proposed_no_target_residual,neural_observation_oracle_causal_skill_mean,0.053998183554383683
teacher_development_smoke,cadence-teacher-rnn-v1-smoke-development-06-b9ba4fd1e328,proposed_no_target_residual,behavior_observation_oracle_causal_skill_mean,1
teacher_development_smoke,cadence-teacher-rnn-v1-smoke-development-06-b9ba4fd1e328,proposed_no_target_residual,neural_condition_averaged_oracle_causal_skill_mean,0.25057623374676496
teacher_development_smoke,cadence-teacher-rnn-v1-smoke-development-06-b9ba4fd1e328,proposed_no_target_residual,behavior_condition_averaged_oracle_causal_skill_mean,1
teacher_development_smoke,cadence-teacher-rnn-v1-smoke-development-06-b9ba4fd1e328,zero_effect,neural_condition_averaged_causal_skill_mean,0
teacher_development_smoke,cadence-teacher-rnn-v1-smoke-development-06-b9ba4fd1e328,zero_effect,behavior_condition_averaged_causal_skill_mean,0
teacher_development_smoke,cadence-teacher-rnn-v1-smoke-development-06-b9ba4fd1e328,zero_effect,neural_pathwise_mean_causal_skill_mean,0
teacher_development_smoke,cadence-teacher-rnn-v1-smoke-development-06-b9ba4fd1e328,zero_effect,behavior_pathwise_mean_causal_skill_mean,0
teacher_development_smoke,cadence-teacher-rnn-v1-smoke-development-06-b9ba4fd1e328,zero_effect,gauge_true_h_neural_pathwise_mean_causal_skill_mean,0
teacher_development_smoke,cadence-teacher-rnn-v1-smoke-development-06-b9ba4fd1e328,zero_effect,gauge_true_h_neural_condition_averaged_causal_skill_mean,0
teacher_development_smoke,cadence-teacher-rnn-v1-smoke-development-06-b9ba4fd1e328,zero_effect,neural_causal_skill_mean,0
teacher_development_smoke,cadence-teacher-rnn-v1-smoke-development-06-b9ba4fd1e328,zero_effect,behavior_causal_skill_mean,0
teacher_development_smoke,cadence-teacher-rnn-v1-smoke-development-06-b9ba4fd1e328,zero_effect,neural_effect_nrmse_mean,0.15698470771614767
teacher_development_smoke,cadence-teacher-rnn-v1-smoke-development-06-b9ba4fd1e328,zero_effect,behavior_effect_nrmse_mean,0.36196863726286743
teacher_development_smoke,cadence-teacher-rnn-v1-smoke-development-06-b9ba4fd1e328,zero_effect,neural_treated_nrmse_mean,1.0291781990038986
teacher_development_smoke,cadence-teacher-rnn-v1-smoke-development-06-b9ba4fd1e328,zero_effect,behavior_treated_nrmse_mean,0.85870182181812893
teacher_development_smoke,cadence-teacher-rnn-v1-smoke-development-06-b9ba4fd1e328,zero_effect,latent_effect_skill_affine_gauge_mean,0
teacher_development_smoke,cadence-teacher-rnn-v1-smoke-development-06-b9ba4fd1e328,zero_effect,latent_treated_r2_affine_gauge_mean,0.1870296932797576
teacher_development_smoke,cadence-teacher-rnn-v1-smoke-development-06-b9ba4fd1e328,zero_effect,neural_observation_oracle_causal_skill_mean,0.053998183554383683
teacher_development_smoke,cadence-teacher-rnn-v1-smoke-development-06-b9ba4fd1e328,zero_effect,behavior_observation_oracle_causal_skill_mean,1
teacher_development_smoke,cadence-teacher-rnn-v1-smoke-development-06-b9ba4fd1e328,zero_effect,neural_condition_averaged_oracle_causal_skill_mean,0.25057623374676496
teacher_development_smoke,cadence-teacher-rnn-v1-smoke-development-06-b9ba4fd1e328,zero_effect,behavior_condition_averaged_oracle_causal_skill_mean,1
teacher_development_smoke,cadence-teacher-rnn-v1-smoke-development-07-0e923ff7e891,additive,neural_condition_averaged_causal_skill_mean,-0.11620949946174353
teacher_development_smoke,cadence-teacher-rnn-v1-smoke-development-07-0e923ff7e891,additive,behavior_condition_averaged_causal_skill_mean,0.78386578757373693
teacher_development_smoke,cadence-teacher-rnn-v1-smoke-development-07-0e923ff7e891,additive,neural_pathwise_mean_causal_skill_mean,-0.21761282386824976
teacher_development_smoke,cadence-teacher-rnn-v1-smoke-development-07-0e923ff7e891,additive,behavior_pathwise_mean_causal_skill_mean,0.77784216326297928
teacher_development_smoke,cadence-teacher-rnn-v1-smoke-development-07-0e923ff7e891,additive,gauge_true_h_neural_pathwise_mean_causal_skill_mean,0.17524557762683257
teacher_development_smoke,cadence-teacher-rnn-v1-smoke-development-07-0e923ff7e891,additive,gauge_true_h_neural_condition_averaged_causal_skill_mean,0.020063704897642198
teacher_development_smoke,cadence-teacher-rnn-v1-smoke-development-07-0e923ff7e891,additive,neural_causal_skill_mean,-0.026035777000397164
teacher_development_smoke,cadence-teacher-rnn-v1-smoke-development-07-0e923ff7e891,additive,behavior_causal_skill_mean,0.77819610874746692
teacher_development_smoke,cadence-teacher-rnn-v1-smoke-development-07-0e923ff7e891,additive,neural_effect_nrmse_mean,0.1682212070951554
teacher_development_smoke,cadence-teacher-rnn-v1-smoke-development-07-0e923ff7e891,additive,behavior_effect_nrmse_mean,0.24524112945245052
teacher_development_smoke,cadence-teacher-rnn-v1-smoke-development-07-0e923ff7e891,additive,neural_treated_nrmse_mean,1.019589005531423
teacher_development_smoke,cadence-teacher-rnn-v1-smoke-development-07-0e923ff7e891,additive,behavior_treated_nrmse_mean,0.57931086951124589
teacher_development_smoke,cadence-teacher-rnn-v1-smoke-development-07-0e923ff7e891,additive,latent_effect_skill_affine_gauge_mean,0.41066963598498807
teacher_development_smoke,cadence-teacher-rnn-v1-smoke-development-07-0e923ff7e891,additive,latent_treated_r2_affine_gauge_mean,0.18384935558842752
teacher_development_smoke,cadence-teacher-rnn-v1-smoke-development-07-0e923ff7e891,additive,shared_vector_field_r2_affine_gauge_mean,0.080514763828028024
teacher_development_smoke,cadence-teacher-rnn-v1-smoke-development-07-0e923ff7e891,additive,shared_vector_field_cosine_affine_gauge_mean,0.76169769131709275
teacher_development_smoke,cadence-teacher-rnn-v1-smoke-development-07-0e923ff7e891,additive,shared_operator_linear_cka_affine_gauge_mean,0.99415482736868377
teacher_development_smoke,cadence-teacher-rnn-v1-smoke-development-07-0e923ff7e891,additive,neural_observation_oracle_causal_skill_mean,0.071853844786793575
teacher_development_smoke,cadence-teacher-rnn-v1-smoke-development-07-0e923ff7e891,additive,behavior_observation_oracle_causal_skill_mean,1
teacher_development_smoke,cadence-teacher-rnn-v1-smoke-development-07-0e923ff7e891,additive,neural_condition_averaged_oracle_causal_skill_mean,0.31421396220048159
teacher_development_smoke,cadence-teacher-rnn-v1-smoke-development-07-0e923ff7e891,additive,behavior_condition_averaged_oracle_causal_skill_mean,1
teacher_development_smoke,cadence-teacher-rnn-v1-smoke-development-07-0e923ff7e891,additive,query_coordinate_fraction_outside_normal_rollout_range,0.18518518518518517
teacher_development_smoke,cadence-teacher-rnn-v1-smoke-development-07-0e923ff7e891,black_box,neural_condition_averaged_causal_skill_mean,-0.013499225310526164
teacher_development_smoke,cadence-teacher-rnn-v1-smoke-development-07-0e923ff7e891,black_box,behavior_condition_averaged_causal_skill_mean,0.81715480779063621
teacher_development_smoke,cadence-teacher-rnn-v1-smoke-development-07-0e923ff7e891,black_box,neural_pathwise_mean_causal_skill_mean,-0.0062801754606893745
teacher_development_smoke,cadence-teacher-rnn-v1-smoke-development-07-0e923ff7e891,black_box,behavior_pathwise_mean_causal_skill_mean,0.7733876332842321
teacher_development_smoke,cadence-teacher-rnn-v1-smoke-development-07-0e923ff7e891,black_box,gauge_true_h_neural_pathwise_mean_causal_skill_mean,0.3249176545239878
teacher_development_smoke,cadence-teacher-rnn-v1-smoke-development-07-0e923ff7e891,black_box,gauge_true_h_neural_condition_averaged_causal_skill_mean,0.072769187003329572
teacher_development_smoke,cadence-teacher-rnn-v1-smoke-development-07-0e923ff7e891,black_box,neural_causal_skill_mean,-0.002699029129807462
teacher_development_smoke,cadence-teacher-rnn-v1-smoke-development-07-0e923ff7e891,black_box,behavior_causal_skill_mean,0.8016909743434939
teacher_development_smoke,cadence-teacher-rnn-v1-smoke-development-07-0e923ff7e891,black_box,neural_effect_nrmse_mean,0.16629714372110682
teacher_development_smoke,cadence-teacher-rnn-v1-smoke-development-07-0e923ff7e891,black_box,behavior_effect_nrmse_mean,0.23188890375318075
teacher_development_smoke,cadence-teacher-rnn-v1-smoke-development-07-0e923ff7e891,black_box,neural_treated_nrmse_mean,1.0197155608326234
teacher_development_smoke,cadence-teacher-rnn-v1-smoke-development-07-0e923ff7e891,black_box,behavior_treated_nrmse_mean,0.5403170248982696
teacher_development_smoke,cadence-teacher-rnn-v1-smoke-development-07-0e923ff7e891,black_box,latent_effect_skill_affine_gauge_mean,0.45284107688120923
teacher_development_smoke,cadence-teacher-rnn-v1-smoke-development-07-0e923ff7e891,black_box,latent_treated_r2_affine_gauge_mean,0.30187956383271697
teacher_development_smoke,cadence-teacher-rnn-v1-smoke-development-07-0e923ff7e891,black_box,shared_vector_field_r2_affine_gauge_mean,0.25150006221954269
teacher_development_smoke,cadence-teacher-rnn-v1-smoke-development-07-0e923ff7e891,black_box,shared_vector_field_cosine_affine_gauge_mean,0.63630152327079892
teacher_development_smoke,cadence-teacher-rnn-v1-smoke-development-07-0e923ff7e891,black_box,shared_operator_linear_cka_affine_gauge_mean,0.94503093607101607
teacher_development_smoke,cadence-teacher-rnn-v1-smoke-development-07-0e923ff7e891,black_box,neural_observation_oracle_causal_skill_mean,0.071853844786793575
teacher_development_smoke,cadence-teacher-rnn-v1-smoke-development-07-0e923ff7e891,black_box,behavior_observation_oracle_causal_skill_mean,1
teacher_development_smoke,cadence-teacher-rnn-v1-smoke-development-07-0e923ff7e891,black_box,neural_condition_averaged_oracle_causal_skill_mean,0.31421396220048159
teacher_development_smoke,cadence-teacher-rnn-v1-smoke-development-07-0e923ff7e891,black_box,behavior_condition_averaged_oracle_causal_skill_mean,1
teacher_development_smoke,cadence-teacher-rnn-v1-smoke-development-07-0e923ff7e891,black_box,query_coordinate_fraction_outside_normal_rollout_range,0.083333333333333329
teacher_development_smoke,cadence-teacher-rnn-v1-smoke-development-07-0e923ff7e891,linear,neural_condition_averaged_causal_skill_mean,-0.019914669676141639
teacher_development_smoke,cadence-teacher-rnn-v1-smoke-development-07-0e923ff7e891,linear,behavior_condition_averaged_causal_skill_mean,0.74301979708070065
teacher_development_smoke,cadence-teacher-rnn-v1-smoke-development-07-0e923ff7e891,linear,neural_pathwise_mean_causal_skill_mean,-0.036403035180190502
teacher_development_smoke,cadence-teacher-rnn-v1-smoke-development-07-0e923ff7e891,linear,behavior_pathwise_mean_causal_skill_mean,0.70352599381783332
teacher_development_smoke,cadence-teacher-rnn-v1-smoke-development-07-0e923ff7e891,linear,gauge_true_h_neural_pathwise_mean_causal_skill_mean,0.038088545084646541
teacher_development_smoke,cadence-teacher-rnn-v1-smoke-development-07-0e923ff7e891,linear,gauge_true_h_neural_condition_averaged_causal_skill_mean,-0.028022994753614583
teacher_development_smoke,cadence-teacher-rnn-v1-smoke-development-07-0e923ff7e891,linear,neural_causal_skill_mean,-0.0044462563989056125
teacher_development_smoke,cadence-teacher-rnn-v1-smoke-development-07-0e923ff7e891,linear,behavior_causal_skill_mean,0.74047745760439465
teacher_development_smoke,cadence-teacher-rnn-v1-smoke-development-07-0e923ff7e891,linear,neural_effect_nrmse_mean,0.16644196905230285
teacher_development_smoke,cadence-teacher-rnn-v1-smoke-development-07-0e923ff7e891,linear,behavior_effect_nrmse_mean,0.26527496789147792
teacher_development_smoke,cadence-teacher-rnn-v1-smoke-development-07-0e923ff7e891,linear,neural_treated_nrmse_mean,1.019112128006493
teacher_development_smoke,cadence-teacher-rnn-v1-smoke-development-07-0e923ff7e891,linear,behavior_treated_nrmse_mean,0.55241768739377428
teacher_development_smoke,cadence-teacher-rnn-v1-smoke-development-07-0e923ff7e891,linear,latent_effect_skill_affine_gauge_mean,0.17049830460638582
teacher_development_smoke,cadence-teacher-rnn-v1-smoke-development-07-0e923ff7e891,linear,latent_treated_r2_affine_gauge_mean,-0.47794612516587631
teacher_development_smoke,cadence-teacher-rnn-v1-smoke-development-07-0e923ff7e891,linear,shared_vector_field_r2_affine_gauge_mean,0.17291228675319137
teacher_development_smoke,cadence-teacher-rnn-v1-smoke-development-07-0e923ff7e891,linear,shared_vector_field_cosine_affine_gauge_mean,0.57667190953954695
teacher_development_smoke,cadence-teacher-rnn-v1-smoke-development-07-0e923ff7e891,linear,shared_operator_linear_cka_affine_gauge_mean,0.99415483564532903
teacher_development_smoke,cadence-teacher-rnn-v1-smoke-development-07-0e923ff7e891,linear,neural_observation_oracle_causal_skill_mean,0.071853844786793575
teacher_development_smoke,cadence-teacher-rnn-v1-smoke-development-07-0e923ff7e891,linear,behavior_observation_oracle_causal_skill_mean,1
teacher_development_smoke,cadence-teacher-rnn-v1-smoke-development-07-0e923ff7e891,linear,neural_condition_averaged_oracle_causal_skill_mean,0.31421396220048159
teacher_development_smoke,cadence-teacher-rnn-v1-smoke-development-07-0e923ff7e891,linear,behavior_condition_averaged_oracle_causal_skill_mean,1
teacher_development_smoke,cadence-teacher-rnn-v1-smoke-development-07-0e923ff7e891,linear,query_coordinate_fraction_outside_normal_rollout_range,0.066666666666666666
teacher_development_smoke,cadence-teacher-rnn-v1-smoke-development-07-0e923ff7e891,proposed,neural_condition_averaged_causal_skill_mean,0.00083051628015362589
teacher_development_smoke,cadence-teacher-rnn-v1-smoke-development-07-0e923ff7e891,proposed,behavior_condition_averaged_causal_skill_mean,0.0083031633466106314
teacher_development_smoke,cadence-teacher-rnn-v1-smoke-development-07-0e923ff7e891,proposed,neural_pathwise_mean_causal_skill_mean,0.0018843909008988691
teacher_development_smoke,cadence-teacher-rnn-v1-smoke-development-07-0e923ff7e891,proposed,behavior_pathwise_mean_causal_skill_mean,0.0082719540221313226
teacher_development_smoke,cadence-teacher-rnn-v1-smoke-development-07-0e923ff7e891,proposed,gauge_true_h_neural_pathwise_mean_causal_skill_mean,0.031982553324802931
teacher_development_smoke,cadence-teacher-rnn-v1-smoke-development-07-0e923ff7e891,proposed,gauge_true_h_neural_condition_averaged_causal_skill_mean,0.0095076360154456863
teacher_development_smoke,cadence-teacher-rnn-v1-smoke-development-07-0e923ff7e891,proposed,neural_causal_skill_mean,0.00018381920197985124
teacher_development_smoke,cadence-teacher-rnn-v1-smoke-development-07-0e923ff7e891,proposed,behavior_causal_skill_mean,0.0082799838434497453
teacher_development_smoke,cadence-teacher-rnn-v1-smoke-development-07-0e923ff7e891,proposed,neural_effect_nrmse_mean,0.1660579121512139
teacher_development_smoke,cadence-teacher-rnn-v1-smoke-development-07-0e923ff7e891,proposed,behavior_effect_nrmse_mean,0.51856507800174256
teacher_development_smoke,cadence-teacher-rnn-v1-smoke-development-07-0e923ff7e891,proposed,neural_treated_nrmse_mean,1.01991858051194
teacher_development_smoke,cadence-teacher-rnn-v1-smoke-development-07-0e923ff7e891,proposed,behavior_treated_nrmse_mean,0.81561504008407104
teacher_development_smoke,cadence-teacher-rnn-v1-smoke-development-07-0e923ff7e891,proposed,latent_effect_skill_affine_gauge_mean,0.036535396711420254
teacher_development_smoke,cadence-teacher-rnn-v1-smoke-development-07-0e923ff7e891,proposed,latent_treated_r2_affine_gauge_mean,0.092248722798141336
teacher_development_smoke,cadence-teacher-rnn-v1-smoke-development-07-0e923ff7e891,proposed,shared_vector_field_r2_affine_gauge_mean,-0.15757350911011492
teacher_development_smoke,cadence-teacher-rnn-v1-smoke-development-07-0e923ff7e891,proposed,shared_vector_field_cosine_affine_gauge_mean,0.73758696901837151
teacher_development_smoke,cadence-teacher-rnn-v1-smoke-development-07-0e923ff7e891,proposed,shared_operator_linear_cka_affine_gauge_mean,0.99478063447532106
teacher_development_smoke,cadence-teacher-rnn-v1-smoke-development-07-0e923ff7e891,proposed,neural_observation_oracle_causal_skill_mean,0.071853844786793575
teacher_development_smoke,cadence-teacher-rnn-v1-smoke-development-07-0e923ff7e891,proposed,behavior_observation_oracle_causal_skill_mean,1
teacher_development_smoke,cadence-teacher-rnn-v1-smoke-development-07-0e923ff7e891,proposed,neural_condition_averaged_oracle_causal_skill_mean,0.31421396220048159
teacher_development_smoke,cadence-teacher-rnn-v1-smoke-development-07-0e923ff7e891,proposed,behavior_condition_averaged_oracle_causal_skill_mean,1
teacher_development_smoke,cadence-teacher-rnn-v1-smoke-development-07-0e923ff7e891,proposed,query_coordinate_fraction_outside_normal_rollout_range,0.06851851851851852
teacher_development_smoke,cadence-teacher-rnn-v1-smoke-development-07-0e923ff7e891,proposed_native_decoder,neural_condition_averaged_causal_skill_mean,-0.00036741375138449328
teacher_development_smoke,cadence-teacher-rnn-v1-smoke-development-07-0e923ff7e891,proposed_native_decoder,behavior_condition_averaged_causal_skill_mean,0.0083031633466106314
teacher_development_smoke,cadence-teacher-rnn-v1-smoke-development-07-0e923ff7e891,proposed_native_decoder,neural_pathwise_mean_causal_skill_mean,-0.0010185276294614187
teacher_development_smoke,cadence-teacher-rnn-v1-smoke-development-07-0e923ff7e891,proposed_native_decoder,behavior_pathwise_mean_causal_skill_mean,0.0082719540221313226
teacher_development_smoke,cadence-teacher-rnn-v1-smoke-development-07-0e923ff7e891,proposed_native_decoder,gauge_true_h_neural_pathwise_mean_causal_skill_mean,0.031982553324802931
teacher_development_smoke,cadence-teacher-rnn-v1-smoke-development-07-0e923ff7e891,proposed_native_decoder,gauge_true_h_neural_condition_averaged_causal_skill_mean,0.0095076360154456863
teacher_development_smoke,cadence-teacher-rnn-v1-smoke-development-07-0e923ff7e891,proposed_native_decoder,neural_causal_skill_mean,-8.0790830985444373e-05
teacher_development_smoke,cadence-teacher-rnn-v1-smoke-development-07-0e923ff7e891,proposed_native_decoder,behavior_causal_skill_mean,0.0082799838434497453
teacher_development_smoke,cadence-teacher-rnn-v1-smoke-development-07-0e923ff7e891,proposed_native_decoder,neural_effect_nrmse_mean,0.16607988503159052
teacher_development_smoke,cadence-teacher-rnn-v1-smoke-development-07-0e923ff7e891,proposed_native_decoder,behavior_effect_nrmse_mean,0.51856507800174256
teacher_development_smoke,cadence-teacher-rnn-v1-smoke-development-07-0e923ff7e891,proposed_native_decoder,neural_treated_nrmse_mean,1.0514614273916971
teacher_development_smoke,cadence-teacher-rnn-v1-smoke-development-07-0e923ff7e891,proposed_native_decoder,behavior_treated_nrmse_mean,0.81561504008407104
teacher_development_smoke,cadence-teacher-rnn-v1-smoke-development-07-0e923ff7e891,proposed_native_decoder,latent_effect_skill_affine_gauge_mean,0.036535396711420254
teacher_development_smoke,cadence-teacher-rnn-v1-smoke-development-07-0e923ff7e891,proposed_native_decoder,latent_treated_r2_affine_gauge_mean,0.092248722798141336
teacher_development_smoke,cadence-teacher-rnn-v1-smoke-development-07-0e923ff7e891,proposed_native_decoder,shared_vector_field_r2_affine_gauge_mean,-0.15757350911011492
teacher_development_smoke,cadence-teacher-rnn-v1-smoke-development-07-0e923ff7e891,proposed_native_decoder,shared_vector_field_cosine_affine_gauge_mean,0.73758696901837151
teacher_development_smoke,cadence-teacher-rnn-v1-smoke-development-07-0e923ff7e891,proposed_native_decoder,shared_operator_linear_cka_affine_gauge_mean,0.99478063447532106
teacher_development_smoke,cadence-teacher-rnn-v1-smoke-development-07-0e923ff7e891,proposed_native_decoder,neural_observation_oracle_causal_skill_mean,0.071853844786793575
teacher_development_smoke,cadence-teacher-rnn-v1-smoke-development-07-0e923ff7e891,proposed_native_decoder,behavior_observation_oracle_causal_skill_mean,1
teacher_development_smoke,cadence-teacher-rnn-v1-smoke-development-07-0e923ff7e891,proposed_native_decoder,neural_condition_averaged_oracle_causal_skill_mean,0.31421396220048159
teacher_development_smoke,cadence-teacher-rnn-v1-smoke-development-07-0e923ff7e891,proposed_native_decoder,behavior_condition_averaged_oracle_causal_skill_mean,1
teacher_development_smoke,cadence-teacher-rnn-v1-smoke-development-07-0e923ff7e891,proposed_no_target_adaptation,neural_condition_averaged_causal_skill_mean,9.6601869918111483e-05
teacher_development_smoke,cadence-teacher-rnn-v1-smoke-development-07-0e923ff7e891,proposed_no_target_adaptation,behavior_condition_averaged_causal_skill_mean,0.0070251372634154707
teacher_development_smoke,cadence-teacher-rnn-v1-smoke-development-07-0e923ff7e891,proposed_no_target_adaptation,neural_pathwise_mean_causal_skill_mean,-0.00051125634275295262
teacher_development_smoke,cadence-teacher-rnn-v1-smoke-development-07-0e923ff7e891,proposed_no_target_adaptation,behavior_pathwise_mean_causal_skill_mean,0.0070607300352685254
teacher_development_smoke,cadence-teacher-rnn-v1-smoke-development-07-0e923ff7e891,proposed_no_target_adaptation,gauge_true_h_neural_pathwise_mean_causal_skill_mean,0.041260546856264679
teacher_development_smoke,cadence-teacher-rnn-v1-smoke-development-07-0e923ff7e891,proposed_no_target_adaptation,gauge_true_h_neural_condition_averaged_causal_skill_mean,0.010215457368018432
teacher_development_smoke,cadence-teacher-rnn-v1-smoke-development-07-0e923ff7e891,proposed_no_target_adaptation,neural_causal_skill_mean,2.173972174435157e-05
teacher_development_smoke,cadence-teacher-rnn-v1-smoke-development-07-0e923ff7e891,proposed_no_target_adaptation,behavior_causal_skill_mean,0.007002694566146328
teacher_development_smoke,cadence-teacher-rnn-v1-smoke-development-07-0e923ff7e891,proposed_no_target_adaptation,neural_effect_nrmse_mean,0.16607137136997832
teacher_development_smoke,cadence-teacher-rnn-v1-smoke-development-07-0e923ff7e891,proposed_no_target_adaptation,behavior_effect_nrmse_mean,0.5188989144014855
teacher_development_smoke,cadence-teacher-rnn-v1-smoke-development-07-0e923ff7e891,proposed_no_target_adaptation,neural_treated_nrmse_mean,1.4844012247288363
teacher_development_smoke,cadence-teacher-rnn-v1-smoke-development-07-0e923ff7e891,proposed_no_target_adaptation,behavior_treated_nrmse_mean,0.86064159386760641
teacher_development_smoke,cadence-teacher-rnn-v1-smoke-development-07-0e923ff7e891,proposed_no_target_adaptation,latent_effect_skill_affine_gauge_mean,0.040251130932737467
teacher_development_smoke,cadence-teacher-rnn-v1-smoke-development-07-0e923ff7e891,proposed_no_target_adaptation,latent_treated_r2_affine_gauge_mean,-1.0261867480242839
teacher_development_smoke,cadence-teacher-rnn-v1-smoke-development-07-0e923ff7e891,proposed_no_target_adaptation,shared_vector_field_r2_affine_gauge_mean,-0.15737897941953971
teacher_development_smoke,cadence-teacher-rnn-v1-smoke-development-07-0e923ff7e891,proposed_no_target_adaptation,shared_vector_field_cosine_affine_gauge_mean,-0.021355365139790146
teacher_development_smoke,cadence-teacher-rnn-v1-smoke-development-07-0e923ff7e891,proposed_no_target_adaptation,shared_operator_linear_cka_affine_gauge_mean,0.9942145362472623
teacher_development_smoke,cadence-teacher-rnn-v1-smoke-development-07-0e923ff7e891,proposed_no_target_adaptation,neural_observation_oracle_causal_skill_mean,0.071853844786793575
teacher_development_smoke,cadence-teacher-rnn-v1-smoke-development-07-0e923ff7e891,proposed_no_target_adaptation,behavior_observation_oracle_causal_skill_mean,1
teacher_development_smoke,cadence-teacher-rnn-v1-smoke-development-07-0e923ff7e891,proposed_no_target_adaptation,neural_condition_averaged_oracle_causal_skill_mean,0.31421396220048159
teacher_development_smoke,cadence-teacher-rnn-v1-smoke-development-07-0e923ff7e891,proposed_no_target_adaptation,behavior_condition_averaged_oracle_causal_skill_mean,1
teacher_development_smoke,cadence-teacher-rnn-v1-smoke-development-07-0e923ff7e891,proposed_no_target_residual,neural_condition_averaged_causal_skill_mean,0.00082982699807165883
teacher_development_smoke,cadence-teacher-rnn-v1-smoke-development-07-0e923ff7e891,proposed_no_target_residual,behavior_condition_averaged_causal_skill_mean,0.0082903618287296643
teacher_development_smoke,cadence-teacher-rnn-v1-smoke-development-07-0e923ff7e891,proposed_no_target_residual,neural_pathwise_mean_causal_skill_mean,0.0018821746079263901
teacher_development_smoke,cadence-teacher-rnn-v1-smoke-development-07-0e923ff7e891,proposed_no_target_residual,behavior_pathwise_mean_causal_skill_mean,0.0082596255734267432
teacher_development_smoke,cadence-teacher-rnn-v1-smoke-development-07-0e923ff7e891,proposed_no_target_residual,gauge_true_h_neural_pathwise_mean_causal_skill_mean,0.031969874766915818
teacher_development_smoke,cadence-teacher-rnn-v1-smoke-development-07-0e923ff7e891,proposed_no_target_residual,gauge_true_h_neural_condition_averaged_causal_skill_mean,0.0095044709844608333
teacher_development_smoke,cadence-teacher-rnn-v1-smoke-development-07-0e923ff7e891,proposed_no_target_residual,neural_causal_skill_mean,0.00018366106696299234
teacher_development_smoke,cadence-teacher-rnn-v1-smoke-development-07-0e923ff7e891,proposed_no_target_residual,behavior_causal_skill_mean,0.0082672047638101542
teacher_development_smoke,cadence-teacher-rnn-v1-smoke-development-07-0e923ff7e891,proposed_no_target_residual,neural_effect_nrmse_mean,0.16605792528341273
teacher_development_smoke,cadence-teacher-rnn-v1-smoke-development-07-0e923ff7e891,proposed_no_target_residual,behavior_effect_nrmse_mean,0.51856841904708528
teacher_development_smoke,cadence-teacher-rnn-v1-smoke-development-07-0e923ff7e891,proposed_no_target_residual,neural_treated_nrmse_mean,1.0199203394211407
teacher_development_smoke,cadence-teacher-rnn-v1-smoke-development-07-0e923ff7e891,proposed_no_target_residual,behavior_treated_nrmse_mean,0.81598739838666112
teacher_development_smoke,cadence-teacher-rnn-v1-smoke-development-07-0e923ff7e891,proposed_no_target_residual,latent_effect_skill_affine_gauge_mean,0.036523763842436385
teacher_development_smoke,cadence-teacher-rnn-v1-smoke-development-07-0e923ff7e891,proposed_no_target_residual,latent_treated_r2_affine_gauge_mean,0.08911786787695275
teacher_development_smoke,cadence-teacher-rnn-v1-smoke-development-07-0e923ff7e891,proposed_no_target_residual,shared_vector_field_r2_affine_gauge_mean,-0.15757350911011492
teacher_development_smoke,cadence-teacher-rnn-v1-smoke-development-07-0e923ff7e891,proposed_no_target_residual,shared_vector_field_cosine_affine_gauge_mean,0.73758696901837151
teacher_development_smoke,cadence-teacher-rnn-v1-smoke-development-07-0e923ff7e891,proposed_no_target_residual,shared_operator_linear_cka_affine_gauge_mean,0.99478063447532106
teacher_development_smoke,cadence-teacher-rnn-v1-smoke-development-07-0e923ff7e891,proposed_no_target_residual,neural_observation_oracle_causal_skill_mean,0.071853844786793575
teacher_development_smoke,cadence-teacher-rnn-v1-smoke-development-07-0e923ff7e891,proposed_no_target_residual,behavior_observation_oracle_causal_skill_mean,1
teacher_development_smoke,cadence-teacher-rnn-v1-smoke-development-07-0e923ff7e891,proposed_no_target_residual,neural_condition_averaged_oracle_causal_skill_mean,0.31421396220048159
teacher_development_smoke,cadence-teacher-rnn-v1-smoke-development-07-0e923ff7e891,proposed_no_target_residual,behavior_condition_averaged_oracle_causal_skill_mean,1
teacher_development_smoke,cadence-teacher-rnn-v1-smoke-development-07-0e923ff7e891,zero_effect,neural_condition_averaged_causal_skill_mean,0
teacher_development_smoke,cadence-teacher-rnn-v1-smoke-development-07-0e923ff7e891,zero_effect,behavior_condition_averaged_causal_skill_mean,0
teacher_development_smoke,cadence-teacher-rnn-v1-smoke-development-07-0e923ff7e891,zero_effect,neural_pathwise_mean_causal_skill_mean,0
teacher_development_smoke,cadence-teacher-rnn-v1-smoke-development-07-0e923ff7e891,zero_effect,behavior_pathwise_mean_causal_skill_mean,0
teacher_development_smoke,cadence-teacher-rnn-v1-smoke-development-07-0e923ff7e891,zero_effect,gauge_true_h_neural_pathwise_mean_causal_skill_mean,0
teacher_development_smoke,cadence-teacher-rnn-v1-smoke-development-07-0e923ff7e891,zero_effect,gauge_true_h_neural_condition_averaged_causal_skill_mean,0
teacher_development_smoke,cadence-teacher-rnn-v1-smoke-development-07-0e923ff7e891,zero_effect,neural_causal_skill_mean,0
teacher_development_smoke,cadence-teacher-rnn-v1-smoke-development-07-0e923ff7e891,zero_effect,behavior_causal_skill_mean,0
teacher_development_smoke,cadence-teacher-rnn-v1-smoke-development-07-0e923ff7e891,zero_effect,neural_effect_nrmse_mean,0.16607317657211346
teacher_development_smoke,cadence-teacher-rnn-v1-smoke-development-07-0e923ff7e891,zero_effect,behavior_effect_nrmse_mean,0.52072535784225948
teacher_development_smoke,cadence-teacher-rnn-v1-smoke-development-07-0e923ff7e891,zero_effect,neural_treated_nrmse_mean,1.0199217000234631
teacher_development_smoke,cadence-teacher-rnn-v1-smoke-development-07-0e923ff7e891,zero_effect,behavior_treated_nrmse_mean,0.81685822674720232
teacher_development_smoke,cadence-teacher-rnn-v1-smoke-development-07-0e923ff7e891,zero_effect,latent_effect_skill_affine_gauge_mean,0
teacher_development_smoke,cadence-teacher-rnn-v1-smoke-development-07-0e923ff7e891,zero_effect,latent_treated_r2_affine_gauge_mean,0.081784540208909018
teacher_development_smoke,cadence-teacher-rnn-v1-smoke-development-07-0e923ff7e891,zero_effect,neural_observation_oracle_causal_skill_mean,0.071853844786793575
teacher_development_smoke,cadence-teacher-rnn-v1-smoke-development-07-0e923ff7e891,zero_effect,behavior_observation_oracle_causal_skill_mean,1
teacher_development_smoke,cadence-teacher-rnn-v1-smoke-development-07-0e923ff7e891,zero_effect,neural_condition_averaged_oracle_causal_skill_mean,0.31421396220048159
teacher_development_smoke,cadence-teacher-rnn-v1-smoke-development-07-0e923ff7e891,zero_effect,behavior_condition_averaged_oracle_causal_skill_mean,1
teacher_development_smoke,cadence-teacher-rnn-v1-smoke-development-08-cbf3089da75e,additive,neural_condition_averaged_causal_skill_mean,-0.023595634996853354
teacher_development_smoke,cadence-teacher-rnn-v1-smoke-development-08-cbf3089da75e,additive,behavior_condition_averaged_causal_skill_mean,0.63933139021730245
teacher_development_smoke,cadence-teacher-rnn-v1-smoke-development-08-cbf3089da75e,additive,neural_pathwise_mean_causal_skill_mean,-0.014592588030244213
teacher_development_smoke,cadence-teacher-rnn-v1-smoke-development-08-cbf3089da75e,additive,behavior_pathwise_mean_causal_skill_mean,0.65118967624864776
teacher_development_smoke,cadence-teacher-rnn-v1-smoke-development-08-cbf3089da75e,additive,gauge_true_h_neural_pathwise_mean_causal_skill_mean,0.41855522935854084
teacher_development_smoke,cadence-teacher-rnn-v1-smoke-development-08-cbf3089da75e,additive,gauge_true_h_neural_condition_averaged_causal_skill_mean,0.19557492392665965
teacher_development_smoke,cadence-teacher-rnn-v1-smoke-development-08-cbf3089da75e,additive,neural_causal_skill_mean,-0.0052078597527063231
teacher_development_smoke,cadence-teacher-rnn-v1-smoke-development-08-cbf3089da75e,additive,behavior_causal_skill_mean,0.63183918050317245
teacher_development_smoke,cadence-teacher-rnn-v1-smoke-development-08-cbf3089da75e,additive,neural_effect_nrmse_mean,0.20901140462659351
teacher_development_smoke,cadence-teacher-rnn-v1-smoke-development-08-cbf3089da75e,additive,behavior_effect_nrmse_mean,0.27845999253941905
teacher_development_smoke,cadence-teacher-rnn-v1-smoke-development-08-cbf3089da75e,additive,neural_treated_nrmse_mean,1.0108145218489273
teacher_development_smoke,cadence-teacher-rnn-v1-smoke-development-08-cbf3089da75e,additive,behavior_treated_nrmse_mean,0.68946679590096105
teacher_development_smoke,cadence-teacher-rnn-v1-smoke-development-08-cbf3089da75e,additive,latent_effect_skill_affine_gauge_mean,0.24035366330055963
teacher_development_smoke,cadence-teacher-rnn-v1-smoke-development-08-cbf3089da75e,additive,latent_treated_r2_affine_gauge_mean,0.34327478867236072
teacher_development_smoke,cadence-teacher-rnn-v1-smoke-development-08-cbf3089da75e,additive,shared_vector_field_r2_affine_gauge_mean,0.35920466144440366
teacher_development_smoke,cadence-teacher-rnn-v1-smoke-development-08-cbf3089da75e,additive,shared_vector_field_cosine_affine_gauge_mean,0.61740186608774661
teacher_development_smoke,cadence-teacher-rnn-v1-smoke-development-08-cbf3089da75e,additive,shared_operator_linear_cka_affine_gauge_mean,0.9977047813135459
teacher_development_smoke,cadence-teacher-rnn-v1-smoke-development-08-cbf3089da75e,additive,neural_observation_oracle_causal_skill_mean,0.084051306398444159
teacher_development_smoke,cadence-teacher-rnn-v1-smoke-development-08-cbf3089da75e,additive,behavior_observation_oracle_causal_skill_mean,1
teacher_development_smoke,cadence-teacher-rnn-v1-smoke-development-08-cbf3089da75e,additive,neural_condition_averaged_oracle_causal_skill_mean,0.37143647876680252
teacher_development_smoke,cadence-teacher-rnn-v1-smoke-development-08-cbf3089da75e,additive,behavior_condition_averaged_oracle_causal_skill_mean,1
teacher_development_smoke,cadence-teacher-rnn-v1-smoke-development-08-cbf3089da75e,additive,query_coordinate_fraction_outside_normal_rollout_range,0.03425925925925926
teacher_development_smoke,cadence-teacher-rnn-v1-smoke-development-08-cbf3089da75e,black_box,neural_condition_averaged_causal_skill_mean,-0.0066596918999963783
teacher_development_smoke,cadence-teacher-rnn-v1-smoke-development-08-cbf3089da75e,black_box,behavior_condition_averaged_causal_skill_mean,0.59137641956612885
teacher_development_smoke,cadence-teacher-rnn-v1-smoke-development-08-cbf3089da75e,black_box,neural_pathwise_mean_causal_skill_mean,0.0077736086547094407
teacher_development_smoke,cadence-teacher-rnn-v1-smoke-development-08-cbf3089da75e,black_box,behavior_pathwise_mean_causal_skill_mean,0.55884954051367486
teacher_development_smoke,cadence-teacher-rnn-v1-smoke-development-08-cbf3089da75e,black_box,gauge_true_h_neural_pathwise_mean_causal_skill_mean,0.61777012010611188
teacher_development_smoke,cadence-teacher-rnn-v1-smoke-development-08-cbf3089da75e,black_box,gauge_true_h_neural_condition_averaged_causal_skill_mean,0.26935007941307776
teacher_development_smoke,cadence-teacher-rnn-v1-smoke-development-08-cbf3089da75e,black_box,neural_causal_skill_mean,-0.0011542056104743015
teacher_development_smoke,cadence-teacher-rnn-v1-smoke-development-08-cbf3089da75e,black_box,behavior_causal_skill_mean,0.54044165602446603
teacher_development_smoke,cadence-teacher-rnn-v1-smoke-development-08-cbf3089da75e,black_box,neural_effect_nrmse_mean,0.20858954369463384
teacher_development_smoke,cadence-teacher-rnn-v1-smoke-development-08-cbf3089da75e,black_box,behavior_effect_nrmse_mean,0.31111027235542116
teacher_development_smoke,cadence-teacher-rnn-v1-smoke-development-08-cbf3089da75e,black_box,neural_treated_nrmse_mean,1.0105160311099688
teacher_development_smoke,cadence-teacher-rnn-v1-smoke-development-08-cbf3089da75e,black_box,behavior_treated_nrmse_mean,0.66509157183105871
teacher_development_smoke,cadence-teacher-rnn-v1-smoke-development-08-cbf3089da75e,black_box,latent_effect_skill_affine_gauge_mean,0.50338084569215624
teacher_development_smoke,cadence-teacher-rnn-v1-smoke-development-08-cbf3089da75e,black_box,latent_treated_r2_affine_gauge_mean,0.16348765953092081
teacher_development_smoke,cadence-teacher-rnn-v1-smoke-development-08-cbf3089da75e,black_box,shared_vector_field_r2_affine_gauge_mean,0.65497180449139769
teacher_development_smoke,cadence-teacher-rnn-v1-smoke-development-08-cbf3089da75e,black_box,shared_vector_field_cosine_affine_gauge_mean,0.83792078896492606
teacher_development_smoke,cadence-teacher-rnn-v1-smoke-development-08-cbf3089da75e,black_box,shared_operator_linear_cka_affine_gauge_mean,0.93244854460475579
teacher_development_smoke,cadence-teacher-rnn-v1-smoke-development-08-cbf3089da75e,black_box,neural_observation_oracle_causal_skill_mean,0.084051306398444159
teacher_development_smoke,cadence-teacher-rnn-v1-smoke-development-08-cbf3089da75e,black_box,behavior_observation_oracle_causal_skill_mean,1
teacher_development_smoke,cadence-teacher-rnn-v1-smoke-development-08-cbf3089da75e,black_box,neural_condition_averaged_oracle_causal_skill_mean,0.37143647876680252
teacher_development_smoke,cadence-teacher-rnn-v1-smoke-development-08-cbf3089da75e,black_box,behavior_condition_averaged_oracle_causal_skill_mean,1
teacher_development_smoke,cadence-teacher-rnn-v1-smoke-development-08-cbf3089da75e,black_box,query_coordinate_fraction_outside_normal_rollout_range,0.032407407407407406
teacher_development_smoke,cadence-teacher-rnn-v1-smoke-development-08-cbf3089da75e,linear,neural_condition_averaged_causal_skill_mean,-0.012128386548202252
teacher_development_smoke,cadence-teacher-rnn-v1-smoke-development-08-cbf3089da75e,linear,behavior_condition_averaged_causal_skill_mean,0.57459145782478793
teacher_development_smoke,cadence-teacher-rnn-v1-smoke-development-08-cbf3089da75e,linear,neural_pathwise_mean_causal_skill_mean,-0.0053023088064363399
teacher_development_smoke,cadence-teacher-rnn-v1-smoke-development-08-cbf3089da75e,linear,behavior_pathwise_mean_causal_skill_mean,0.58211128045353955
teacher_development_smoke,cadence-teacher-rnn-v1-smoke-development-08-cbf3089da75e,linear,gauge_true_h_neural_pathwise_mean_causal_skill_mean,0.56422280529056168
teacher_development_smoke,cadence-teacher-rnn-v1-smoke-development-08-cbf3089da75e,linear,gauge_true_h_neural_condition_averaged_causal_skill_mean,0.26235426338418311
teacher_development_smoke,cadence-teacher-rnn-v1-smoke-development-08-cbf3089da75e,linear,neural_causal_skill_mean,-0.0027261272742982179
teacher_development_smoke,cadence-teacher-rnn-v1-smoke-development-08-cbf3089da75e,linear,behavior_causal_skill_mean,0.57197821622236611
teacher_development_smoke,cadence-teacher-rnn-v1-smoke-development-08-cbf3089da75e,linear,neural_effect_nrmse_mean,0.20875323367230839
teacher_development_smoke,cadence-teacher-rnn-v1-smoke-development-08-cbf3089da75e,linear,behavior_effect_nrmse_mean,0.3002458127742979
teacher_development_smoke,cadence-teacher-rnn-v1-smoke-development-08-cbf3089da75e,linear,neural_treated_nrmse_mean,1.0104800450165021
teacher_development_smoke,cadence-teacher-rnn-v1-smoke-development-08-cbf3089da75e,linear,behavior_treated_nrmse_mean,0.6817024772410728
teacher_development_smoke,cadence-teacher-rnn-v1-smoke-development-08-cbf3089da75e,linear,latent_effect_skill_affine_gauge_mean,0.45971263281606944
teacher_development_smoke,cadence-teacher-rnn-v1-smoke-development-08-cbf3089da75e,linear,latent_treated_r2_affine_gauge_mean,0.17072959447081759
teacher_development_smoke,cadence-teacher-rnn-v1-smoke-development-08-cbf3089da75e,linear,shared_vector_field_r2_affine_gauge_mean,0.44863440291951084
teacher_development_smoke,cadence-teacher-rnn-v1-smoke-development-08-cbf3089da75e,linear,shared_vector_field_cosine_affine_gauge_mean,0.63876419850771604
teacher_development_smoke,cadence-teacher-rnn-v1-smoke-development-08-cbf3089da75e,linear,shared_operator_linear_cka_affine_gauge_mean,0.99770477841982008
teacher_development_smoke,cadence-teacher-rnn-v1-smoke-development-08-cbf3089da75e,linear,neural_observation_oracle_causal_skill_mean,0.084051306398444159
teacher_development_smoke,cadence-teacher-rnn-v1-smoke-development-08-cbf3089da75e,linear,behavior_observation_oracle_causal_skill_mean,1
teacher_development_smoke,cadence-teacher-rnn-v1-smoke-development-08-cbf3089da75e,linear,neural_condition_averaged_oracle_causal_skill_mean,0.37143647876680252
teacher_development_smoke,cadence-teacher-rnn-v1-smoke-development-08-cbf3089da75e,linear,behavior_condition_averaged_oracle_causal_skill_mean,1
teacher_development_smoke,cadence-teacher-rnn-v1-smoke-development-08-cbf3089da75e,linear,query_coordinate_fraction_outside_normal_rollout_range,0.06851851851851852
teacher_development_smoke,cadence-teacher-rnn-v1-smoke-development-08-cbf3089da75e,proposed,neural_condition_averaged_causal_skill_mean,0.014527749513434274
teacher_development_smoke,cadence-teacher-rnn-v1-smoke-development-08-cbf3089da75e,proposed,behavior_condition_averaged_causal_skill_mean,0.58861281947794786
teacher_development_smoke,cadence-teacher-rnn-v1-smoke-development-08-cbf3089da75e,proposed,neural_pathwise_mean_causal_skill_mean,0.0510609221285796
teacher_development_smoke,cadence-teacher-rnn-v1-smoke-development-08-cbf3089da75e,proposed,behavior_pathwise_mean_causal_skill_mean,0.60453864244702937
teacher_development_smoke,cadence-teacher-rnn-v1-smoke-development-08-cbf3089da75e,proposed,gauge_true_h_neural_pathwise_mean_causal_skill_mean,0.93858574679971829
teacher_development_smoke,cadence-teacher-rnn-v1-smoke-development-08-cbf3089da75e,proposed,gauge_true_h_neural_condition_averaged_causal_skill_mean,0.38098182442782091
teacher_development_smoke,cadence-teacher-rnn-v1-smoke-development-08-cbf3089da75e,proposed,neural_causal_skill_mean,0.0033017931010199675
teacher_development_smoke,cadence-teacher-rnn-v1-smoke-development-08-cbf3089da75e,proposed,behavior_causal_skill_mean,0.58483815842417308
teacher_development_smoke,cadence-teacher-rnn-v1-smoke-development-08-cbf3089da75e,proposed,neural_effect_nrmse_mean,0.20812482443280286
teacher_development_smoke,cadence-teacher-rnn-v1-smoke-development-08-cbf3089da75e,proposed,behavior_effect_nrmse_mean,0.29570096241039256
teacher_development_smoke,cadence-teacher-rnn-v1-smoke-development-08-cbf3089da75e,proposed,neural_treated_nrmse_mean,1.0103609338401904
teacher_development_smoke,cadence-teacher-rnn-v1-smoke-development-08-cbf3089da75e,proposed,behavior_treated_nrmse_mean,0.65490322303707271
teacher_development_smoke,cadence-teacher-rnn-v1-smoke-development-08-cbf3089da75e,proposed,latent_effect_skill_affine_gauge_mean,0.91864937612587472
teacher_development_smoke,cadence-teacher-rnn-v1-smoke-development-08-cbf3089da75e,proposed,latent_treated_r2_affine_gauge_mean,-0.11825721322230387
teacher_development_smoke,cadence-teacher-rnn-v1-smoke-development-08-cbf3089da75e,proposed,shared_vector_field_r2_affine_gauge_mean,0.88866776456278995
teacher_development_smoke,cadence-teacher-rnn-v1-smoke-development-08-cbf3089da75e,proposed,shared_vector_field_cosine_affine_gauge_mean,0.98193312625033558
teacher_development_smoke,cadence-teacher-rnn-v1-smoke-development-08-cbf3089da75e,proposed,shared_operator_linear_cka_affine_gauge_mean,0.99699098545744125
teacher_development_smoke,cadence-teacher-rnn-v1-smoke-development-08-cbf3089da75e,proposed,neural_observation_oracle_causal_skill_mean,0.084051306398444159
teacher_development_smoke,cadence-teacher-rnn-v1-smoke-development-08-cbf3089da75e,proposed,behavior_observation_oracle_causal_skill_mean,1
teacher_development_smoke,cadence-teacher-rnn-v1-smoke-development-08-cbf3089da75e,proposed,neural_condition_averaged_oracle_causal_skill_mean,0.37143647876680252
teacher_development_smoke,cadence-teacher-rnn-v1-smoke-development-08-cbf3089da75e,proposed,behavior_condition_averaged_oracle_causal_skill_mean,1
teacher_development_smoke,cadence-teacher-rnn-v1-smoke-development-08-cbf3089da75e,proposed,query_coordinate_fraction_outside_normal_rollout_range,0.033333333333333333
teacher_development_smoke,cadence-teacher-rnn-v1-smoke-development-08-cbf3089da75e,proposed_native_decoder,neural_condition_averaged_causal_skill_mean,-0.0026760232828206831
teacher_development_smoke,cadence-teacher-rnn-v1-smoke-development-08-cbf3089da75e,proposed_native_decoder,behavior_condition_averaged_causal_skill_mean,0.58861281947794786
teacher_development_smoke,cadence-teacher-rnn-v1-smoke-development-08-cbf3089da75e,proposed_native_decoder,neural_pathwise_mean_causal_skill_mean,-0.064299143463899977
teacher_development_smoke,cadence-teacher-rnn-v1-smoke-development-08-cbf3089da75e,proposed_native_decoder,behavior_pathwise_mean_causal_skill_mean,0.60453864244702937
teacher_development_smoke,cadence-teacher-rnn-v1-smoke-development-08-cbf3089da75e,proposed_native_decoder,gauge_true_h_neural_pathwise_mean_causal_skill_mean,0.93858574679971829
teacher_development_smoke,cadence-teacher-rnn-v1-smoke-development-08-cbf3089da75e,proposed_native_decoder,gauge_true_h_neural_condition_averaged_causal_skill_mean,0.38098182442782091
teacher_development_smoke,cadence-teacher-rnn-v1-smoke-development-08-cbf3089da75e,proposed_native_decoder,neural_causal_skill_mean,-0.0017894123599866418
teacher_development_smoke,cadence-teacher-rnn-v1-smoke-development-08-cbf3089da75e,proposed_native_decoder,behavior_causal_skill_mean,0.58483815842417308
teacher_development_smoke,cadence-teacher-rnn-v1-smoke-development-08-cbf3089da75e,proposed_native_decoder,neural_effect_nrmse_mean,0.20865570556829316
teacher_development_smoke,cadence-teacher-rnn-v1-smoke-development-08-cbf3089da75e,proposed_native_decoder,behavior_effect_nrmse_mean,0.29570096241039256
teacher_development_smoke,cadence-teacher-rnn-v1-smoke-development-08-cbf3089da75e,proposed_native_decoder,neural_treated_nrmse_mean,1.0494254516682735
teacher_development_smoke,cadence-teacher-rnn-v1-smoke-development-08-cbf3089da75e,proposed_native_decoder,behavior_treated_nrmse_mean,0.65490322303707271
teacher_development_smoke,cadence-teacher-rnn-v1-smoke-development-08-cbf3089da75e,proposed_native_decoder,latent_effect_skill_affine_gauge_mean,0.91864937612587472
teacher_development_smoke,cadence-teacher-rnn-v1-smoke-development-08-cbf3089da75e,proposed_native_decoder,latent_treated_r2_affine_gauge_mean,-0.11825721322230387
teacher_development_smoke,cadence-teacher-rnn-v1-smoke-development-08-cbf3089da75e,proposed_native_decoder,shared_vector_field_r2_affine_gauge_mean,0.88866776456278995
teacher_development_smoke,cadence-teacher-rnn-v1-smoke-development-08-cbf3089da75e,proposed_native_decoder,shared_vector_field_cosine_affine_gauge_mean,0.98193312625033558
teacher_development_smoke,cadence-teacher-rnn-v1-smoke-development-08-cbf3089da75e,proposed_native_decoder,shared_operator_linear_cka_affine_gauge_mean,0.99699098545744125
teacher_development_smoke,cadence-teacher-rnn-v1-smoke-development-08-cbf3089da75e,proposed_native_decoder,neural_observation_oracle_causal_skill_mean,0.084051306398444159
teacher_development_smoke,cadence-teacher-rnn-v1-smoke-development-08-cbf3089da75e,proposed_native_decoder,behavior_observation_oracle_causal_skill_mean,1
teacher_development_smoke,cadence-teacher-rnn-v1-smoke-development-08-cbf3089da75e,proposed_native_decoder,neural_condition_averaged_oracle_causal_skill_mean,0.37143647876680252
teacher_development_smoke,cadence-teacher-rnn-v1-smoke-development-08-cbf3089da75e,proposed_native_decoder,behavior_condition_averaged_oracle_causal_skill_mean,1
teacher_development_smoke,cadence-teacher-rnn-v1-smoke-development-08-cbf3089da75e,proposed_no_target_adaptation,neural_condition_averaged_causal_skill_mean,0.0046986755104875266
teacher_development_smoke,cadence-teacher-rnn-v1-smoke-development-08-cbf3089da75e,proposed_no_target_adaptation,behavior_condition_averaged_causal_skill_mean,0.69837596976247285
teacher_development_smoke,cadence-teacher-rnn-v1-smoke-development-08-cbf3089da75e,proposed_no_target_adaptation,neural_pathwise_mean_causal_skill_mean,0.0077484108496717052
teacher_development_smoke,cadence-teacher-rnn-v1-smoke-development-08-cbf3089da75e,proposed_no_target_adaptation,behavior_pathwise_mean_causal_skill_mean,0.71234699622317799
teacher_development_smoke,cadence-teacher-rnn-v1-smoke-development-08-cbf3089da75e,proposed_no_target_adaptation,gauge_true_h_neural_pathwise_mean_causal_skill_mean,-0.25532149100013157
teacher_development_smoke,cadence-teacher-rnn-v1-smoke-development-08-cbf3089da75e,proposed_no_target_adaptation,gauge_true_h_neural_condition_averaged_causal_skill_mean,-0.11167125080101514
teacher_development_smoke,cadence-teacher-rnn-v1-smoke-development-08-cbf3089da75e,proposed_no_target_adaptation,neural_causal_skill_mean,0.0010488572700670939
teacher_development_smoke,cadence-teacher-rnn-v1-smoke-development-08-cbf3089da75e,proposed_no_target_adaptation,behavior_causal_skill_mean,0.69586604994142243
teacher_development_smoke,cadence-teacher-rnn-v1-smoke-development-08-cbf3089da75e,proposed_no_target_adaptation,neural_effect_nrmse_mean,0.20835991425205533
teacher_development_smoke,cadence-teacher-rnn-v1-smoke-development-08-cbf3089da75e,proposed_no_target_adaptation,behavior_effect_nrmse_mean,0.25309086750904031
teacher_development_smoke,cadence-teacher-rnn-v1-smoke-development-08-cbf3089da75e,proposed_no_target_adaptation,neural_treated_nrmse_mean,1.4994965603053183
teacher_development_smoke,cadence-teacher-rnn-v1-smoke-development-08-cbf3089da75e,proposed_no_target_adaptation,behavior_treated_nrmse_mean,1.0915780758983955
teacher_development_smoke,cadence-teacher-rnn-v1-smoke-development-08-cbf3089da75e,proposed_no_target_adaptation,latent_effect_skill_affine_gauge_mean,-0.16637675887901104
teacher_development_smoke,cadence-teacher-rnn-v1-smoke-development-08-cbf3089da75e,proposed_no_target_adaptation,latent_treated_r2_affine_gauge_mean,-0.26496301603285355
teacher_development_smoke,cadence-teacher-rnn-v1-smoke-development-08-cbf3089da75e,proposed_no_target_adaptation,shared_vector_field_r2_affine_gauge_mean,-0.20716393199829186
teacher_development_smoke,cadence-teacher-rnn-v1-smoke-development-08-cbf3089da75e,proposed_no_target_adaptation,shared_vector_field_cosine_affine_gauge_mean,-0.28708526260205264
teacher_development_smoke,cadence-teacher-rnn-v1-smoke-development-08-cbf3089da75e,proposed_no_target_adaptation,shared_operator_linear_cka_affine_gauge_mean,0.99767084032854247
teacher_development_smoke,cadence-teacher-rnn-v1-smoke-development-08-cbf3089da75e,proposed_no_target_adaptation,neural_observation_oracle_causal_skill_mean,0.084051306398444159
teacher_development_smoke,cadence-teacher-rnn-v1-smoke-development-08-cbf3089da75e,proposed_no_target_adaptation,behavior_observation_oracle_causal_skill_mean,1
teacher_development_smoke,cadence-teacher-rnn-v1-smoke-development-08-cbf3089da75e,proposed_no_target_adaptation,neural_condition_averaged_oracle_causal_skill_mean,0.37143647876680252
teacher_development_smoke,cadence-teacher-rnn-v1-smoke-development-08-cbf3089da75e,proposed_no_target_adaptation,behavior_condition_averaged_oracle_causal_skill_mean,1
teacher_development_smoke,cadence-teacher-rnn-v1-smoke-development-08-cbf3089da75e,proposed_no_target_residual,neural_condition_averaged_causal_skill_mean,0.014527749513434274
teacher_development_smoke,cadence-teacher-rnn-v1-smoke-development-08-cbf3089da75e,proposed_no_target_residual,behavior_condition_averaged_causal_skill_mean,0.58861281947794786
teacher_development_smoke,cadence-teacher-rnn-v1-smoke-development-08-cbf3089da75e,proposed_no_target_residual,neural_pathwise_mean_causal_skill_mean,0.0510609221285796
teacher_development_smoke,cadence-teacher-rnn-v1-smoke-development-08-cbf3089da75e,proposed_no_target_residual,behavior_pathwise_mean_causal_skill_mean,0.60453864244702937
teacher_development_smoke,cadence-teacher-rnn-v1-smoke-development-08-cbf3089da75e,proposed_no_target_residual,gauge_true_h_neural_pathwise_mean_causal_skill_mean,0.93858574679971829
teacher_development_smoke,cadence-teacher-rnn-v1-smoke-development-08-cbf3089da75e,proposed_no_target_residual,gauge_true_h_neural_condition_averaged_causal_skill_mean,0.38098182442782091
teacher_development_smoke,cadence-teacher-rnn-v1-smoke-development-08-cbf3089da75e,proposed_no_target_residual,neural_causal_skill_mean,0.0033017931010199675
teacher_development_smoke,cadence-teacher-rnn-v1-smoke-development-08-cbf3089da75e,proposed_no_target_residual,behavior_causal_skill_mean,0.58483815842417308
teacher_development_smoke,cadence-teacher-rnn-v1-smoke-development-08-cbf3089da75e,proposed_no_target_residual,neural_effect_nrmse_mean,0.20812482443280286
teacher_development_smoke,cadence-teacher-rnn-v1-smoke-development-08-cbf3089da75e,proposed_no_target_residual,behavior_effect_nrmse_mean,0.29570096241039256
teacher_development_smoke,cadence-teacher-rnn-v1-smoke-development-08-cbf3089da75e,proposed_no_target_residual,neural_treated_nrmse_mean,1.0103609338401904
teacher_development_smoke,cadence-teacher-rnn-v1-smoke-development-08-cbf3089da75e,proposed_no_target_residual,behavior_treated_nrmse_mean,0.65490322303707271
teacher_development_smoke,cadence-teacher-rnn-v1-smoke-development-08-cbf3089da75e,proposed_no_target_residual,latent_effect_skill_affine_gauge_mean,0.91864937612587472
teacher_development_smoke,cadence-teacher-rnn-v1-smoke-development-08-cbf3089da75e,proposed_no_target_residual,latent_treated_r2_affine_gauge_mean,-0.11825721322230387
teacher_development_smoke,cadence-teacher-rnn-v1-smoke-development-08-cbf3089da75e,proposed_no_target_residual,shared_vector_field_r2_affine_gauge_mean,0.88866776456278995
teacher_development_smoke,cadence-teacher-rnn-v1-smoke-development-08-cbf3089da75e,proposed_no_target_residual,shared_vector_field_cosine_affine_gauge_mean,0.98193312625033558
teacher_development_smoke,cadence-teacher-rnn-v1-smoke-development-08-cbf3089da75e,proposed_no_target_residual,shared_operator_linear_cka_affine_gauge_mean,0.99699098545744125
teacher_development_smoke,cadence-teacher-rnn-v1-smoke-development-08-cbf3089da75e,proposed_no_target_residual,neural_observation_oracle_causal_skill_mean,0.084051306398444159
teacher_development_smoke,cadence-teacher-rnn-v1-smoke-development-08-cbf3089da75e,proposed_no_target_residual,behavior_observation_oracle_causal_skill_mean,1
teacher_development_smoke,cadence-teacher-rnn-v1-smoke-development-08-cbf3089da75e,proposed_no_target_residual,neural_condition_averaged_oracle_causal_skill_mean,0.37143647876680252
teacher_development_smoke,cadence-teacher-rnn-v1-smoke-development-08-cbf3089da75e,proposed_no_target_residual,behavior_condition_averaged_oracle_causal_skill_mean,1
teacher_development_smoke,cadence-teacher-rnn-v1-smoke-development-08-cbf3089da75e,zero_effect,neural_condition_averaged_causal_skill_mean,0
teacher_development_smoke,cadence-teacher-rnn-v1-smoke-development-08-cbf3089da75e,zero_effect,behavior_condition_averaged_causal_skill_mean,0
teacher_development_smoke,cadence-teacher-rnn-v1-smoke-development-08-cbf3089da75e,zero_effect,neural_pathwise_mean_causal_skill_mean,0
teacher_development_smoke,cadence-teacher-rnn-v1-smoke-development-08-cbf3089da75e,zero_effect,behavior_pathwise_mean_causal_skill_mean,0
teacher_development_smoke,cadence-teacher-rnn-v1-smoke-development-08-cbf3089da75e,zero_effect,gauge_true_h_neural_pathwise_mean_causal_skill_mean,0
teacher_development_smoke,cadence-teacher-rnn-v1-smoke-development-08-cbf3089da75e,zero_effect,gauge_true_h_neural_condition_averaged_causal_skill_mean,0
teacher_development_smoke,cadence-teacher-rnn-v1-smoke-development-08-cbf3089da75e,zero_effect,neural_causal_skill_mean,0
teacher_development_smoke,cadence-teacher-rnn-v1-smoke-development-08-cbf3089da75e,zero_effect,behavior_causal_skill_mean,0
teacher_development_smoke,cadence-teacher-rnn-v1-smoke-development-08-cbf3089da75e,zero_effect,neural_effect_nrmse_mean,0.20846927018908226
teacher_development_smoke,cadence-teacher-rnn-v1-smoke-development-08-cbf3089da75e,zero_effect,behavior_effect_nrmse_mean,0.45892743738378133
teacher_development_smoke,cadence-teacher-rnn-v1-smoke-development-08-cbf3089da75e,zero_effect,neural_treated_nrmse_mean,1.0106100153656661
teacher_development_smoke,cadence-teacher-rnn-v1-smoke-development-08-cbf3089da75e,zero_effect,behavior_treated_nrmse_mean,0.74170996469083628
teacher_development_smoke,cadence-teacher-rnn-v1-smoke-development-08-cbf3089da75e,zero_effect,latent_effect_skill_affine_gauge_mean,0
teacher_development_smoke,cadence-teacher-rnn-v1-smoke-development-08-cbf3089da75e,zero_effect,latent_treated_r2_affine_gauge_mean,-0.61385480843418394
teacher_development_smoke,cadence-teacher-rnn-v1-smoke-development-08-cbf3089da75e,zero_effect,neural_observation_oracle_causal_skill_mean,0.084051306398444159
teacher_development_smoke,cadence-teacher-rnn-v1-smoke-development-08-cbf3089da75e,zero_effect,behavior_observation_oracle_causal_skill_mean,1
teacher_development_smoke,cadence-teacher-rnn-v1-smoke-development-08-cbf3089da75e,zero_effect,neural_condition_averaged_oracle_causal_skill_mean,0.37143647876680252
teacher_development_smoke,cadence-teacher-rnn-v1-smoke-development-08-cbf3089da75e,zero_effect,behavior_condition_averaged_oracle_causal_skill_mean,1
teacher_development_smoke,cadence-teacher-rnn-v1-smoke-development-09-b1c862f034de,additive,neural_condition_averaged_causal_skill_mean,0.0082922802439375776
teacher_development_smoke,cadence-teacher-rnn-v1-smoke-development-09-b1c862f034de,additive,behavior_condition_averaged_causal_skill_mean,0.64379819856087028
teacher_development_smoke,cadence-teacher-rnn-v1-smoke-development-09-b1c862f034de,additive,neural_pathwise_mean_causal_skill_mean,-0.012381128620028159
teacher_development_smoke,cadence-teacher-rnn-v1-smoke-development-09-b1c862f034de,additive,behavior_pathwise_mean_causal_skill_mean,0.62115842574010238
teacher_development_smoke,cadence-teacher-rnn-v1-smoke-development-09-b1c862f034de,additive,gauge_true_h_neural_pathwise_mean_causal_skill_mean,-0.062296655233342157
teacher_development_smoke,cadence-teacher-rnn-v1-smoke-development-09-b1c862f034de,additive,gauge_true_h_neural_condition_averaged_causal_skill_mean,-0.038345816997277016
teacher_development_smoke,cadence-teacher-rnn-v1-smoke-development-09-b1c862f034de,additive,neural_causal_skill_mean,0.0016550984141263658
teacher_development_smoke,cadence-teacher-rnn-v1-smoke-development-09-b1c862f034de,additive,behavior_causal_skill_mean,0.64076084552015322
teacher_development_smoke,cadence-teacher-rnn-v1-smoke-development-09-b1c862f034de,additive,neural_effect_nrmse_mean,0.15262368937629045
teacher_development_smoke,cadence-teacher-rnn-v1-smoke-development-09-b1c862f034de,additive,behavior_effect_nrmse_mean,0.14250245643828488
teacher_development_smoke,cadence-teacher-rnn-v1-smoke-development-09-b1c862f034de,additive,neural_treated_nrmse_mean,0.97284558349559025
teacher_development_smoke,cadence-teacher-rnn-v1-smoke-development-09-b1c862f034de,additive,behavior_treated_nrmse_mean,0.46544560191498424
teacher_development_smoke,cadence-teacher-rnn-v1-smoke-development-09-b1c862f034de,additive,latent_effect_skill_affine_gauge_mean,-0.13340088584229814
teacher_development_smoke,cadence-teacher-rnn-v1-smoke-development-09-b1c862f034de,additive,latent_treated_r2_affine_gauge_mean,0.11109791851265116
teacher_development_smoke,cadence-teacher-rnn-v1-smoke-development-09-b1c862f034de,additive,shared_vector_field_r2_affine_gauge_mean,-3.5951112871812549
teacher_development_smoke,cadence-teacher-rnn-v1-smoke-development-09-b1c862f034de,additive,shared_vector_field_cosine_affine_gauge_mean,0.090775460639508296
teacher_development_smoke,cadence-teacher-rnn-v1-smoke-development-09-b1c862f034de,additive,shared_operator_linear_cka_affine_gauge_mean,0.99101934752130882
teacher_development_smoke,cadence-teacher-rnn-v1-smoke-development-09-b1c862f034de,additive,neural_observation_oracle_causal_skill_mean,0.059454991157928516
teacher_development_smoke,cadence-teacher-rnn-v1-smoke-development-09-b1c862f034de,additive,behavior_observation_oracle_causal_skill_mean,1
teacher_development_smoke,cadence-teacher-rnn-v1-smoke-development-09-b1c862f034de,additive,neural_condition_averaged_oracle_causal_skill_mean,0.28187023437596659
teacher_development_smoke,cadence-teacher-rnn-v1-smoke-development-09-b1c862f034de,additive,behavior_condition_averaged_oracle_causal_skill_mean,1
teacher_development_smoke,cadence-teacher-rnn-v1-smoke-development-09-b1c862f034de,additive,query_coordinate_fraction_outside_normal_rollout_range,0.11203703703703703
teacher_development_smoke,cadence-teacher-rnn-v1-smoke-development-09-b1c862f034de,black_box,neural_condition_averaged_causal_skill_mean,0.0136840377745715
teacher_development_smoke,cadence-teacher-rnn-v1-smoke-development-09-b1c862f034de,black_box,behavior_condition_averaged_causal_skill_mean,0.60077883233158436
teacher_development_smoke,cadence-teacher-rnn-v1-smoke-development-09-b1c862f034de,black_box,neural_pathwise_mean_causal_skill_mean,0.00092161905574850156
teacher_development_smoke,cadence-teacher-rnn-v1-smoke-development-09-b1c862f034de,black_box,behavior_pathwise_mean_causal_skill_mean,0.57134515625519766
teacher_development_smoke,cadence-teacher-rnn-v1-smoke-development-09-b1c862f034de,black_box,gauge_true_h_neural_pathwise_mean_causal_skill_mean,0.045537215948274645
teacher_development_smoke,cadence-teacher-rnn-v1-smoke-development-09-b1c862f034de,black_box,gauge_true_h_neural_condition_averaged_causal_skill_mean,0.011515796105657228
teacher_development_smoke,cadence-teacher-rnn-v1-smoke-development-09-b1c862f034de,black_box,neural_causal_skill_mean,0.0030733245016333344
teacher_development_smoke,cadence-teacher-rnn-v1-smoke-development-09-b1c862f034de,black_box,behavior_causal_skill_mean,0.59731556266439301
teacher_development_smoke,cadence-teacher-rnn-v1-smoke-development-09-b1c862f034de,black_box,neural_effect_nrmse_mean,0.15251524397586869
teacher_development_smoke,cadence-teacher-rnn-v1-smoke-development-09-b1c862f034de,black_box,behavior_effect_nrmse_mean,0.15087349146547707
teacher_development_smoke,cadence-teacher-rnn-v1-smoke-development-09-b1c862f034de,black_box,neural_treated_nrmse_mean,0.97290337438810903
teacher_development_smoke,cadence-teacher-rnn-v1-smoke-development-09-b1c862f034de,black_box,behavior_treated_nrmse_mean,0.42874217229799422
teacher_development_smoke,cadence-teacher-rnn-v1-smoke-development-09-b1c862f034de,black_box,latent_effect_skill_affine_gauge_mean,0.022187040386886903
teacher_development_smoke,cadence-teacher-rnn-v1-smoke-development-09-b1c862f034de,black_box,latent_treated_r2_affine_gauge_mean,0.22367767500744484
teacher_development_smoke,cadence-teacher-rnn-v1-smoke-development-09-b1c862f034de,black_box,shared_vector_field_r2_affine_gauge_mean,-3.4459771933187806
teacher_development_smoke,cadence-teacher-rnn-v1-smoke-development-09-b1c862f034de,black_box,shared_vector_field_cosine_affine_gauge_mean,0.033945902388782812
teacher_development_smoke,cadence-teacher-rnn-v1-smoke-development-09-b1c862f034de,black_box,shared_operator_linear_cka_affine_gauge_mean,0.26129611736489838
teacher_development_smoke,cadence-teacher-rnn-v1-smoke-development-09-b1c862f034de,black_box,neural_observation_oracle_causal_skill_mean,0.059454991157928516
teacher_development_smoke,cadence-teacher-rnn-v1-smoke-development-09-b1c862f034de,black_box,behavior_observation_oracle_causal_skill_mean,1
teacher_development_smoke,cadence-teacher-rnn-v1-smoke-development-09-b1c862f034de,black_box,neural_condition_averaged_oracle_causal_skill_mean,0.28187023437596659
teacher_development_smoke,cadence-teacher-rnn-v1-smoke-development-09-b1c862f034de,black_box,behavior_condition_averaged_oracle_causal_skill_mean,1
teacher_development_smoke,cadence-teacher-rnn-v1-smoke-development-09-b1c862f034de,black_box,query_coordinate_fraction_outside_normal_rollout_range,0.025925925925925925
teacher_development_smoke,cadence-teacher-rnn-v1-smoke-development-09-b1c862f034de,linear,neural_condition_averaged_causal_skill_mean,-0.0014572557947403197
teacher_development_smoke,cadence-teacher-rnn-v1-smoke-development-09-b1c862f034de,linear,behavior_condition_averaged_causal_skill_mean,0.064008311342815261
teacher_development_smoke,cadence-teacher-rnn-v1-smoke-development-09-b1c862f034de,linear,neural_pathwise_mean_causal_skill_mean,-0.12789475267606343
teacher_development_smoke,cadence-teacher-rnn-v1-smoke-development-09-b1c862f034de,linear,behavior_pathwise_mean_causal_skill_mean,0.054286096650262072
teacher_development_smoke,cadence-teacher-rnn-v1-smoke-development-09-b1c862f034de,linear,gauge_true_h_neural_pathwise_mean_causal_skill_mean,-2.0206796122239798
teacher_development_smoke,cadence-teacher-rnn-v1-smoke-development-09-b1c862f034de,linear,gauge_true_h_neural_condition_averaged_causal_skill_mean,-0.60428962701684696
teacher_development_smoke,cadence-teacher-rnn-v1-smoke-development-09-b1c862f034de,linear,neural_causal_skill_mean,-0.00031906443697127251
teacher_development_smoke,cadence-teacher-rnn-v1-smoke-development-09-b1c862f034de,linear,behavior_causal_skill_mean,0.063727902029032002
teacher_development_smoke,cadence-teacher-rnn-v1-smoke-development-09-b1c862f034de,linear,neural_effect_nrmse_mean,0.15277451661647837
teacher_development_smoke,cadence-teacher-rnn-v1-smoke-development-09-b1c862f034de,linear,behavior_effect_nrmse_mean,0.23005493741738406
teacher_development_smoke,cadence-teacher-rnn-v1-smoke-development-09-b1c862f034de,linear,neural_treated_nrmse_mean,0.9737292822551461
teacher_development_smoke,cadence-teacher-rnn-v1-smoke-development-09-b1c862f034de,linear,behavior_treated_nrmse_mean,0.68659035124001155
teacher_development_smoke,cadence-teacher-rnn-v1-smoke-development-09-b1c862f034de,linear,latent_effect_skill_affine_gauge_mean,-2.1024816699019264
teacher_development_smoke,cadence-teacher-rnn-v1-smoke-development-09-b1c862f034de,linear,latent_treated_r2_affine_gauge_mean,-0.70768077339887747
teacher_development_smoke,cadence-teacher-rnn-v1-smoke-development-09-b1c862f034de,linear,shared_vector_field_r2_affine_gauge_mean,-6.3317876946266134
teacher_development_smoke,cadence-teacher-rnn-v1-smoke-development-09-b1c862f034de,linear,shared_vector_field_cosine_affine_gauge_mean,0.42105558248838615
teacher_development_smoke,cadence-teacher-rnn-v1-smoke-development-09-b1c862f034de,linear,shared_operator_linear_cka_affine_gauge_mean,0.99101933573803846
teacher_development_smoke,cadence-teacher-rnn-v1-smoke-development-09-b1c862f034de,linear,neural_observation_oracle_causal_skill_mean,0.059454991157928516
teacher_development_smoke,cadence-teacher-rnn-v1-smoke-development-09-b1c862f034de,linear,behavior_observation_oracle_causal_skill_mean,1
teacher_development_smoke,cadence-teacher-rnn-v1-smoke-development-09-b1c862f034de,linear,neural_condition_averaged_oracle_causal_skill_mean,0.28187023437596659
teacher_development_smoke,cadence-teacher-rnn-v1-smoke-development-09-b1c862f034de,linear,behavior_condition_averaged_oracle_causal_skill_mean,1
teacher_development_smoke,cadence-teacher-rnn-v1-smoke-development-09-b1c862f034de,linear,query_coordinate_fraction_outside_normal_rollout_range,0.1037037037037037
teacher_development_smoke,cadence-teacher-rnn-v1-smoke-development-09-b1c862f034de,proposed,neural_condition_averaged_causal_skill_mean,0.0060073537805303001
teacher_development_smoke,cadence-teacher-rnn-v1-smoke-development-09-b1c862f034de,proposed,behavior_condition_averaged_causal_skill_mean,0.057930842767153878
teacher_development_smoke,cadence-teacher-rnn-v1-smoke-development-09-b1c862f034de,proposed,neural_pathwise_mean_causal_skill_mean,-0.00019986236565694426
teacher_development_smoke,cadence-teacher-rnn-v1-smoke-development-09-b1c862f034de,proposed,behavior_pathwise_mean_causal_skill_mean,0.061457462079939962
teacher_development_smoke,cadence-teacher-rnn-v1-smoke-development-09-b1c862f034de,proposed,gauge_true_h_neural_pathwise_mean_causal_skill_mean,0.1304978291406006
teacher_development_smoke,cadence-teacher-rnn-v1-smoke-development-09-b1c862f034de,proposed,gauge_true_h_neural_condition_averaged_causal_skill_mean,0.057050118231873115
teacher_development_smoke,cadence-teacher-rnn-v1-smoke-development-09-b1c862f034de,proposed,neural_causal_skill_mean,0.0012990067209338596
teacher_development_smoke,cadence-teacher-rnn-v1-smoke-development-09-b1c862f034de,proposed,behavior_causal_skill_mean,0.057686450925783506
teacher_development_smoke,cadence-teacher-rnn-v1-smoke-development-09-b1c862f034de,proposed,neural_effect_nrmse_mean,0.15265090601380105
teacher_development_smoke,cadence-teacher-rnn-v1-smoke-development-09-b1c862f034de,proposed,behavior_effect_nrmse_mean,0.23079597775087338
teacher_development_smoke,cadence-teacher-rnn-v1-smoke-development-09-b1c862f034de,proposed,neural_treated_nrmse_mean,0.97241634080536921
teacher_development_smoke,cadence-teacher-rnn-v1-smoke-development-09-b1c862f034de,proposed,behavior_treated_nrmse_mean,0.61947799533667702
teacher_development_smoke,cadence-teacher-rnn-v1-smoke-development-09-b1c862f034de,proposed,latent_effect_skill_affine_gauge_mean,0.1196320966838802
teacher_development_smoke,cadence-teacher-rnn-v1-smoke-development-09-b1c862f034de,proposed,latent_treated_r2_affine_gauge_mean,0.2075073205002298
teacher_development_smoke,cadence-teacher-rnn-v1-smoke-development-09-b1c862f034de,proposed,shared_vector_field_r2_affine_gauge_mean,-2.7017234151596798
teacher_development_smoke,cadence-teacher-rnn-v1-smoke-development-09-b1c862f034de,proposed,shared_vector_field_cosine_affine_gauge_mean,0.6632372345609755
teacher_development_smoke,cadence-teacher-rnn-v1-smoke-development-09-b1c862f034de,proposed,shared_operator_linear_cka_affine_gauge_mean,0.98959065939050217
teacher_development_smoke,cadence-teacher-rnn-v1-smoke-development-09-b1c862f034de,proposed,neural_observation_oracle_causal_skill_mean,0.059454991157928516
teacher_development_smoke,cadence-teacher-rnn-v1-smoke-development-09-b1c862f034de,proposed,behavior_observation_oracle_causal_skill_mean,1
teacher_development_smoke,cadence-teacher-rnn-v1-smoke-development-09-b1c862f034de,proposed,neural_condition_averaged_oracle_causal_skill_mean,0.28187023437596659
teacher_development_smoke,cadence-teacher-rnn-v1-smoke-development-09-b1c862f034de,proposed,behavior_condition_averaged_oracle_causal_skill_mean,1
teacher_development_smoke,cadence-teacher-rnn-v1-smoke-development-09-b1c862f034de,proposed,query_coordinate_fraction_outside_normal_rollout_range,0.093518518518518515
teacher_development_smoke,cadence-teacher-rnn-v1-smoke-development-09-b1c862f034de,proposed_native_decoder,neural_condition_averaged_causal_skill_mean,0.018801232131262946
teacher_development_smoke,cadence-teacher-rnn-v1-smoke-development-09-b1c862f034de,proposed_native_decoder,behavior_condition_averaged_causal_skill_mean,0.057930842767153878
teacher_development_smoke,cadence-teacher-rnn-v1-smoke-development-09-b1c862f034de,proposed_native_decoder,neural_pathwise_mean_causal_skill_mean,-0.01785114944425481
teacher_development_smoke,cadence-teacher-rnn-v1-smoke-development-09-b1c862f034de,proposed_native_decoder,behavior_pathwise_mean_causal_skill_mean,0.061457462079939962
teacher_development_smoke,cadence-teacher-rnn-v1-smoke-development-09-b1c862f034de,proposed_native_decoder,gauge_true_h_neural_pathwise_mean_causal_skill_mean,0.1304978291406006
teacher_development_smoke,cadence-teacher-rnn-v1-smoke-development-09-b1c862f034de,proposed_native_decoder,gauge_true_h_neural_condition_averaged_causal_skill_mean,0.057050118231873115
teacher_development_smoke,cadence-teacher-rnn-v1-smoke-development-09-b1c862f034de,proposed_native_decoder,neural_causal_skill_mean,0.0040210192638391318
teacher_development_smoke,cadence-teacher-rnn-v1-smoke-development-09-b1c862f034de,proposed_native_decoder,behavior_causal_skill_mean,0.057686450925783506
teacher_development_smoke,cadence-teacher-rnn-v1-smoke-development-09-b1c862f034de,proposed_native_decoder,neural_effect_nrmse_mean,0.15244273500014199
teacher_development_smoke,cadence-teacher-rnn-v1-smoke-development-09-b1c862f034de,proposed_native_decoder,behavior_effect_nrmse_mean,0.23079597775087338
teacher_development_smoke,cadence-teacher-rnn-v1-smoke-development-09-b1c862f034de,proposed_native_decoder,neural_treated_nrmse_mean,0.99805198996147226
teacher_development_smoke,cadence-teacher-rnn-v1-smoke-development-09-b1c862f034de,proposed_native_decoder,behavior_treated_nrmse_mean,0.61947799533667702
teacher_development_smoke,cadence-teacher-rnn-v1-smoke-development-09-b1c862f034de,proposed_native_decoder,latent_effect_skill_affine_gauge_mean,0.1196320966838802
teacher_development_smoke,cadence-teacher-rnn-v1-smoke-development-09-b1c862f034de,proposed_native_decoder,latent_treated_r2_affine_gauge_mean,0.2075073205002298
teacher_development_smoke,cadence-teacher-rnn-v1-smoke-development-09-b1c862f034de,proposed_native_decoder,shared_vector_field_r2_affine_gauge_mean,-2.7017234151596798
teacher_development_smoke,cadence-teacher-rnn-v1-smoke-development-09-b1c862f034de,proposed_native_decoder,shared_vector_field_cosine_affine_gauge_mean,0.6632372345609755
teacher_development_smoke,cadence-teacher-rnn-v1-smoke-development-09-b1c862f034de,proposed_native_decoder,shared_operator_linear_cka_affine_gauge_mean,0.98959065939050217
teacher_development_smoke,cadence-teacher-rnn-v1-smoke-development-09-b1c862f034de,proposed_native_decoder,neural_observation_oracle_causal_skill_mean,0.059454991157928516
teacher_development_smoke,cadence-teacher-rnn-v1-smoke-development-09-b1c862f034de,proposed_native_decoder,behavior_observation_oracle_causal_skill_mean,1
teacher_development_smoke,cadence-teacher-rnn-v1-smoke-development-09-b1c862f034de,proposed_native_decoder,neural_condition_averaged_oracle_causal_skill_mean,0.28187023437596659
teacher_development_smoke,cadence-teacher-rnn-v1-smoke-development-09-b1c862f034de,proposed_native_decoder,behavior_condition_averaged_oracle_causal_skill_mean,1
teacher_development_smoke,cadence-teacher-rnn-v1-smoke-development-09-b1c862f034de,proposed_no_target_adaptation,neural_condition_averaged_causal_skill_mean,0.0026018716647706608
teacher_development_smoke,cadence-teacher-rnn-v1-smoke-development-09-b1c862f034de,proposed_no_target_adaptation,behavior_condition_averaged_causal_skill_mean,0.044918040704211348
teacher_development_smoke,cadence-teacher-rnn-v1-smoke-development-09-b1c862f034de,proposed_no_target_adaptation,neural_pathwise_mean_causal_skill_mean,0.0045981290370417094
teacher_development_smoke,cadence-teacher-rnn-v1-smoke-development-09-b1c862f034de,proposed_no_target_adaptation,behavior_pathwise_mean_causal_skill_mean,0.050805293743637736
teacher_development_smoke,cadence-teacher-rnn-v1-smoke-development-09-b1c862f034de,proposed_no_target_adaptation,gauge_true_h_neural_pathwise_mean_causal_skill_mean,0.08062564352322088
teacher_development_smoke,cadence-teacher-rnn-v1-smoke-development-09-b1c862f034de,proposed_no_target_adaptation,gauge_true_h_neural_condition_averaged_causal_skill_mean,0.016925168726782513
teacher_development_smoke,cadence-teacher-rnn-v1-smoke-development-09-b1c862f034de,proposed_no_target_adaptation,neural_causal_skill_mean,0.00056021423004448678
teacher_development_smoke,cadence-teacher-rnn-v1-smoke-development-09-b1c862f034de,proposed_no_target_adaptation,behavior_causal_skill_mean,0.04471745554508233
teacher_development_smoke,cadence-teacher-rnn-v1-smoke-development-09-b1c862f034de,proposed_no_target_adaptation,neural_effect_nrmse_mean,0.15270735759175252
teacher_development_smoke,cadence-teacher-rnn-v1-smoke-development-09-b1c862f034de,proposed_no_target_adaptation,behavior_effect_nrmse_mean,0.23237876485302503
teacher_development_smoke,cadence-teacher-rnn-v1-smoke-development-09-b1c862f034de,proposed_no_target_adaptation,neural_treated_nrmse_mean,1.4083014759499375
teacher_development_smoke,cadence-teacher-rnn-v1-smoke-development-09-b1c862f034de,proposed_no_target_adaptation,behavior_treated_nrmse_mean,0.71020080848891587
teacher_development_smoke,cadence-teacher-rnn-v1-smoke-development-09-b1c862f034de,proposed_no_target_adaptation,latent_effect_skill_affine_gauge_mean,0.077931734588925772
teacher_development_smoke,cadence-teacher-rnn-v1-smoke-development-09-b1c862f034de,proposed_no_target_adaptation,latent_treated_r2_affine_gauge_mean,-0.65878538424308575
teacher_development_smoke,cadence-teacher-rnn-v1-smoke-development-09-b1c862f034de,proposed_no_target_adaptation,shared_vector_field_r2_affine_gauge_mean,-2.7421541414654262
teacher_development_smoke,cadence-teacher-rnn-v1-smoke-development-09-b1c862f034de,proposed_no_target_adaptation,shared_vector_field_cosine_affine_gauge_mean,0.54081358922253553
teacher_development_smoke,cadence-teacher-rnn-v1-smoke-development-09-b1c862f034de,proposed_no_target_adaptation,shared_operator_linear_cka_affine_gauge_mean,0.99109117925079615
teacher_development_smoke,cadence-teacher-rnn-v1-smoke-development-09-b1c862f034de,proposed_no_target_adaptation,neural_observation_oracle_causal_skill_mean,0.059454991157928516
teacher_development_smoke,cadence-teacher-rnn-v1-smoke-development-09-b1c862f034de,proposed_no_target_adaptation,behavior_observation_oracle_causal_skill_mean,1
teacher_development_smoke,cadence-teacher-rnn-v1-smoke-development-09-b1c862f034de,proposed_no_target_adaptation,neural_condition_averaged_oracle_causal_skill_mean,0.28187023437596659
teacher_development_smoke,cadence-teacher-rnn-v1-smoke-development-09-b1c862f034de,proposed_no_target_adaptation,behavior_condition_averaged_oracle_causal_skill_mean,1
teacher_development_smoke,cadence-teacher-rnn-v1-smoke-development-09-b1c862f034de,proposed_no_target_residual,neural_condition_averaged_causal_skill_mean,0.0060073537805303001
teacher_development_smoke,cadence-teacher-rnn-v1-smoke-development-09-b1c862f034de,proposed_no_target_residual,behavior_condition_averaged_causal_skill_mean,0.057930842767153878
teacher_development_smoke,cadence-teacher-rnn-v1-smoke-development-09-b1c862f034de,proposed_no_target_residual,neural_pathwise_mean_causal_skill_mean,-0.00019986236565694426
teacher_development_smoke,cadence-teacher-rnn-v1-smoke-development-09-b1c862f034de,proposed_no_target_residual,behavior_pathwise_mean_causal_skill_mean,0.061457462079939962
teacher_development_smoke,cadence-teacher-rnn-v1-smoke-development-09-b1c862f034de,proposed_no_target_residual,gauge_true_h_neural_pathwise_mean_causal_skill_mean,0.1304978291406006
teacher_development_smoke,cadence-teacher-rnn-v1-smoke-development-09-b1c862f034de,proposed_no_target_residual,gauge_true_h_neural_condition_averaged_causal_skill_mean,0.057050118231873115
teacher_development_smoke,cadence-teacher-rnn-v1-smoke-development-09-b1c862f034de,proposed_no_target_residual,neural_causal_skill_mean,0.0012990067209338596
teacher_development_smoke,cadence-teacher-rnn-v1-smoke-development-09-b1c862f034de,proposed_no_target_residual,behavior_causal_skill_mean,0.057686450925783506
teacher_development_smoke,cadence-teacher-rnn-v1-smoke-development-09-b1c862f034de,proposed_no_target_residual,neural_effect_nrmse_mean,0.15265090601380105
teacher_development_smoke,cadence-teacher-rnn-v1-smoke-development-09-b1c862f034de,proposed_no_target_residual,behavior_effect_nrmse_mean,0.23079597775087338
teacher_development_smoke,cadence-teacher-rnn-v1-smoke-development-09-b1c862f034de,proposed_no_target_residual,neural_treated_nrmse_mean,0.97241634080536921
teacher_development_smoke,cadence-teacher-rnn-v1-smoke-development-09-b1c862f034de,proposed_no_target_residual,behavior_treated_nrmse_mean,0.61947799533667702
teacher_development_smoke,cadence-teacher-rnn-v1-smoke-development-09-b1c862f034de,proposed_no_target_residual,latent_effect_skill_affine_gauge_mean,0.1196320966838802
teacher_development_smoke,cadence-teacher-rnn-v1-smoke-development-09-b1c862f034de,proposed_no_target_residual,latent_treated_r2_affine_gauge_mean,0.2075073205002298
teacher_development_smoke,cadence-teacher-rnn-v1-smoke-development-09-b1c862f034de,proposed_no_target_residual,shared_vector_field_r2_affine_gauge_mean,-2.7017234151596798
teacher_development_smoke,cadence-teacher-rnn-v1-smoke-development-09-b1c862f034de,proposed_no_target_residual,shared_vector_field_cosine_affine_gauge_mean,0.6632372345609755
teacher_development_smoke,cadence-teacher-rnn-v1-smoke-development-09-b1c862f034de,proposed_no_target_residual,shared_operator_linear_cka_affine_gauge_mean,0.98959065939050217
teacher_development_smoke,cadence-teacher-rnn-v1-smoke-development-09-b1c862f034de,proposed_no_target_residual,neural_observation_oracle_causal_skill_mean,0.059454991157928516
teacher_development_smoke,cadence-teacher-rnn-v1-smoke-development-09-b1c862f034de,proposed_no_target_residual,behavior_observation_oracle_causal_skill_mean,1
teacher_development_smoke,cadence-teacher-rnn-v1-smoke-development-09-b1c862f034de,proposed_no_target_residual,neural_condition_averaged_oracle_causal_skill_mean,0.28187023437596659
teacher_development_smoke,cadence-teacher-rnn-v1-smoke-development-09-b1c862f034de,proposed_no_target_residual,behavior_condition_averaged_oracle_causal_skill_mean,1
teacher_development_smoke,cadence-teacher-rnn-v1-smoke-development-09-b1c862f034de,zero_effect,neural_condition_averaged_causal_skill_mean,0
teacher_development_smoke,cadence-teacher-rnn-v1-smoke-development-09-b1c862f034de,zero_effect,behavior_condition_averaged_causal_skill_mean,0
teacher_development_smoke,cadence-teacher-rnn-v1-smoke-development-09-b1c862f034de,zero_effect,neural_pathwise_mean_causal_skill_mean,0
teacher_development_smoke,cadence-teacher-rnn-v1-smoke-development-09-b1c862f034de,zero_effect,behavior_pathwise_mean_causal_skill_mean,0
teacher_development_smoke,cadence-teacher-rnn-v1-smoke-development-09-b1c862f034de,zero_effect,gauge_true_h_neural_pathwise_mean_causal_skill_mean,0
teacher_development_smoke,cadence-teacher-rnn-v1-smoke-development-09-b1c862f034de,zero_effect,gauge_true_h_neural_condition_averaged_causal_skill_mean,0
teacher_development_smoke,cadence-teacher-rnn-v1-smoke-development-09-b1c862f034de,zero_effect,neural_causal_skill_mean,0
teacher_development_smoke,cadence-teacher-rnn-v1-smoke-development-09-b1c862f034de,zero_effect,behavior_causal_skill_mean,0
teacher_development_smoke,cadence-teacher-rnn-v1-smoke-development-09-b1c862f034de,zero_effect,neural_effect_nrmse_mean,0.1527501499896525
teacher_development_smoke,cadence-teacher-rnn-v1-smoke-development-09-b1c862f034de,zero_effect,behavior_effect_nrmse_mean,0.23775547026415667
teacher_development_smoke,cadence-teacher-rnn-v1-smoke-development-09-b1c862f034de,zero_effect,neural_treated_nrmse_mean,0.97236373766701711
teacher_development_smoke,cadence-teacher-rnn-v1-smoke-development-09-b1c862f034de,zero_effect,behavior_treated_nrmse_mean,0.61950373745345966
teacher_development_smoke,cadence-teacher-rnn-v1-smoke-development-09-b1c862f034de,zero_effect,latent_effect_skill_affine_gauge_mean,0
teacher_development_smoke,cadence-teacher-rnn-v1-smoke-development-09-b1c862f034de,zero_effect,latent_treated_r2_affine_gauge_mean,0.20130841515605924
teacher_development_smoke,cadence-teacher-rnn-v1-smoke-development-09-b1c862f034de,zero_effect,neural_observation_oracle_causal_skill_mean,0.059454991157928516
teacher_development_smoke,cadence-teacher-rnn-v1-smoke-development-09-b1c862f034de,zero_effect,behavior_observation_oracle_causal_skill_mean,1
teacher_development_smoke,cadence-teacher-rnn-v1-smoke-development-09-b1c862f034de,zero_effect,neural_condition_averaged_oracle_causal_skill_mean,0.28187023437596659
teacher_development_smoke,cadence-teacher-rnn-v1-smoke-development-09-b1c862f034de,zero_effect,behavior_condition_averaged_oracle_causal_skill_mean,1
allen_vbo_development_full,539517,proposed,neural_causal_skill,-0.00018459243220420824
allen_vbo_development_full,539517,proposed,running_causal_skill,-0.00048828703491114798
allen_vbo_development_full,539517,proposed,pupil_causal_skill,0.0031142802128978592
allen_vbo_development_full,539517,proposed,lick_causal_skill,0.0015142472960893085
allen_vbo_development_full,539517,linear,neural_causal_skill,8.8646573562862981e-05
allen_vbo_development_full,539517,linear,running_causal_skill,0.0071291939312064711
allen_vbo_development_full,539517,linear,pupil_causal_skill,0.015286392042622681
allen_vbo_development_full,539517,linear,lick_causal_skill,0.0015581314357256994
allen_vbo_development_full,539517,additive,neural_causal_skill,-0.00012621950569008389
allen_vbo_development_full,539517,additive,running_causal_skill,0.0041835752978161
allen_vbo_development_full,539517,additive,pupil_causal_skill,0.0089197497448404248
allen_vbo_development_full,539517,additive,lick_causal_skill,0.00056904500666893516
allen_vbo_development_full,539517,black_box,neural_causal_skill,-1.9914635639439737e-06
allen_vbo_development_full,539517,black_box,running_causal_skill,0.0039345986188692077
allen_vbo_development_full,539517,black_box,pupil_causal_skill,-0.0013529139693015497
allen_vbo_development_full,539517,black_box,lick_causal_skill,0.00020686752325495568
allen_vbo_development_full,539517,proposed_no_residual,neural_causal_skill,-0.00018463321753410202
allen_vbo_development_full,539517,proposed_no_residual,running_causal_skill,-0.00048822002270397578
allen_vbo_development_full,539517,proposed_no_residual,pupil_causal_skill,0.0031143643073200757
allen_vbo_development_full,539517,proposed_no_residual,lick_causal_skill,0.0015143013312040549
allen_vbo_development_full,539517,proposed_no_target_adaptation,neural_causal_skill,1.5237993650536147e-05
allen_vbo_development_full,539517,proposed_no_target_adaptation,running_causal_skill,-0.00014422658735190646
allen_vbo_development_full,539517,proposed_no_target_adaptation,pupil_causal_skill,0.0016770521955255021
allen_vbo_development_full,539517,proposed_no_target_adaptation,lick_causal_skill,0.00043437801019765372
allen_vbo_development_full,539517,functional_atlas,neural_causal_skill,-0.077776359557906724
allen_vbo_development_full,539517,functional_atlas,running_causal_skill,-0.50380779951423071
allen_vbo_development_full,539517,functional_atlas,pupil_causal_skill,-0.9426461315260779
allen_vbo_development_full,539517,functional_atlas,lick_causal_skill,-0.023847188839393262
allen_vbo_development_full,539517,no_effect,neural_causal_skill,0
allen_vbo_development_full,539517,no_effect,running_causal_skill,0
allen_vbo_development_full,539517,no_effect,pupil_causal_skill,0
allen_vbo_development_full,539517,no_effect,lick_causal_skill,0
allen_vbo_development_full,539517,condition_time,neural_causal_skill,-0.0067604339822626858
allen_vbo_development_full,539517,condition_time,running_causal_skill,-0.50380779951423071
allen_vbo_development_full,539517,condition_time,pupil_causal_skill,-0.9426461315260779
allen_vbo_development_full,539517,condition_time,lick_causal_skill,-0.023847188839393262
allen_vbo_development_full,539517,nearest_donor,neural_causal_skill,-0.0016796831539869137
allen_vbo_development_full,539517,nearest_donor,running_causal_skill,-0.18027864684876671
allen_vbo_development_full,539517,nearest_donor,pupil_causal_skill,-1.5136383516893739
allen_vbo_development_full,539517,nearest_donor,lick_causal_skill,-0.025129016181349936
allen_vbo_development_full,448900,proposed,neural_causal_skill,-4.0765575240913912e-06
allen_vbo_development_full,448900,proposed,running_causal_skill,0.00019364281680158321
allen_vbo_development_full,448900,proposed,pupil_causal_skill,0.0001874011267130895
allen_vbo_development_full,448900,proposed,lick_causal_skill,-0.00058053978395957665
allen_vbo_development_full,448900,linear,neural_causal_skill,-0.00010111701389125829
allen_vbo_development_full,448900,linear,running_causal_skill,0.02261182722811558
allen_vbo_development_full,448900,linear,pupil_causal_skill,0.0032612573409953128
allen_vbo_development_full,448900,linear,lick_causal_skill,-0.019569377935442056
allen_vbo_development_full,448900,additive,neural_causal_skill,7.3694950115795369e-05
allen_vbo_development_full,448900,additive,running_causal_skill,0.0045385801169656658
allen_vbo_development_full,448900,additive,pupil_causal_skill,0.011637798478793607
allen_vbo_development_full,448900,additive,lick_causal_skill,-0.0081401650791247827
allen_vbo_development_full,448900,black_box,neural_causal_skill,-0.011209458255290308
allen_vbo_development_full,448900,black_box,running_causal_skill,-0.1122664412718197
allen_vbo_development_full,448900,black_box,pupil_causal_skill,0.0041732790464918479
allen_vbo_development_full,448900,black_box,lick_causal_skill,-0.13152886534803546
allen_vbo_development_full,448900,proposed_no_residual,neural_causal_skill,-4.0764576472517882e-06
allen_vbo_development_full,448900,proposed_no_residual,running_causal_skill,0.00019366649560581011
allen_vbo_development_full,448900,proposed_no_residual,pupil_causal_skill,0.00018737612942296012
allen_vbo_development_full,448900,proposed_no_residual,lick_causal_skill,-0.00058054582141907915
allen_vbo_development_full,448900,proposed_no_target_adaptation,neural_causal_skill,-4.4249366736172025e-06
allen_vbo_development_full,448900,proposed_no_target_adaptation,running_causal_skill,0.00041211587487054765
allen_vbo_development_full,448900,proposed_no_target_adaptation,pupil_causal_skill,3.3246288787245442e-06
allen_vbo_development_full,448900,proposed_no_target_adaptation,lick_causal_skill,-0.00053207170339973121
allen_vbo_development_full,448900,functional_atlas,neural_causal_skill,-0.6616605374437865
allen_vbo_development_full,448900,functional_atlas,running_causal_skill,-0.27106292106843055
allen_vbo_development_full,448900,functional_atlas,pupil_causal_skill,-0.0014181947099746316
allen_vbo_development_full,448900,functional_atlas,lick_causal_skill,-0.16471065896503881
allen_vbo_development_full,448900,no_effect,neural_causal_skill,0
allen_vbo_development_full,448900,no_effect,running_causal_skill,0
allen_vbo_development_full,448900,no_effect,pupil_causal_skill,0
allen_vbo_development_full,448900,no_effect,lick_causal_skill,0
allen_vbo_development_full,448900,condition_time,neural_causal_skill,-0.052387473513123686
allen_vbo_development_full,448900,condition_time,running_causal_skill,-0.27106292106843055
allen_vbo_development_full,448900,condition_time,pupil_causal_skill,-0.0014181947099746316
allen_vbo_development_full,448900,condition_time,lick_causal_skill,-0.16471065896503881
allen_vbo_development_full,448900,nearest_donor,neural_causal_skill,-0.00018224448062680363
allen_vbo_development_full,448900,nearest_donor,running_causal_skill,-0.18477804573565568
allen_vbo_development_full,448900,nearest_donor,pupil_causal_skill,-1.4959075128289989
allen_vbo_development_full,448900,nearest_donor,lick_causal_skill,-0.15154002654889676
allen_vbo_development_full,484631,proposed,neural_causal_skill,1.6132237076962662e-07
allen_vbo_development_full,484631,proposed,running_causal_skill,1.4096816921019914e-05
allen_vbo_development_full,484631,proposed,pupil_causal_skill,7.8764471242969539e-05
allen_vbo_development_full,484631,proposed,lick_causal_skill,-4.7657315808060185e-05
allen_vbo_development_full,484631,linear,neural_causal_skill,-5.1443261624200957e-05
allen_vbo_development_full,484631,linear,running_causal_skill,-0.0014248169830170336
allen_vbo_development_full,484631,linear,pupil_causal_skill,-0.0047982945705516492
allen_vbo_development_full,484631,linear,lick_causal_skill,-0.003902759494073634
allen_vbo_development_full,484631,additive,neural_causal_skill,-0.00013663181079525959
allen_vbo_development_full,484631,additive,running_causal_skill,-2.2077692964640774e-05
allen_vbo_development_full,484631,additive,pupil_causal_skill,0.0025425309052144818
allen_vbo_development_full,484631,additive,lick_causal_skill,-0.0042707249243659467
allen_vbo_development_full,484631,black_box,neural_causal_skill,-0.010582156635158419
allen_vbo_development_full,484631,black_box,running_causal_skill,-0.051698362356826469
allen_vbo_development_full,484631,black_box,pupil_causal_skill,-0.069796944193862315
allen_vbo_development_full,484631,black_box,lick_causal_skill,-0.0025150869370987637
allen_vbo_development_full,484631,proposed_no_residual,neural_causal_skill,1.6153883545341111e-07
allen_vbo_development_full,484631,proposed_no_residual,running_causal_skill,1.4101029179815241e-05
allen_vbo_development_full,484631,proposed_no_residual,pupil_causal_skill,7.8760606814975423e-05
allen_vbo_development_full,484631,proposed_no_residual,lick_causal_skill,-4.7664256370629298e-05
allen_vbo_development_full,484631,proposed_no_target_adaptation,neural_causal_skill,1.4331079304431874e-06
allen_vbo_development_full,484631,proposed_no_target_adaptation,running_causal_skill,3.5042450718682545e-05
allen_vbo_development_full,484631,proposed_no_target_adaptation,pupil_causal_skill,0.00015725143651082533
allen_vbo_development_full,484631,proposed_no_target_adaptation,lick_causal_skill,-5.4798867822751431e-05
allen_vbo_development_full,484631,functional_atlas,neural_causal_skill,-0.13632898320390019
allen_vbo_development_full,484631,functional_atlas,running_causal_skill,-0.64358286553929944
allen_vbo_development_full,484631,functional_atlas,pupil_causal_skill,0.089366136777575086
allen_vbo_development_full,484631,functional_atlas,lick_causal_skill,-0.09807668753530889
allen_vbo_development_full,484631,no_effect,neural_causal_skill,-5.6934514083341359e-18
allen_vbo_development_full,484631,no_effect,running_causal_skill,0
allen_vbo_development_full,484631,no_effect,pupil_causal_skill,0
allen_vbo_development_full,484631,no_effect,lick_causal_skill,0
allen_vbo_development_full,484631,condition_time,neural_causal_skill,-0.063121331617722848
allen_vbo_development_full,484631,condition_time,running_causal_skill,-0.64358286553929944
allen_vbo_development_full,484631,condition_time,pupil_causal_skill,0.089366136777575086
allen_vbo_development_full,484631,condition_time,lick_causal_skill,-0.09807668753530889
allen_vbo_development_full,484631,nearest_donor,neural_causal_skill,-9.0963099917620645e-06
allen_vbo_development_full,484631,nearest_donor,running_causal_skill,-0.60433648136302898
allen_vbo_development_full,484631,nearest_donor,pupil_causal_skill,-2.5389751883167491
allen_vbo_development_full,484631,nearest_donor,lick_causal_skill,-0.33547629169908955
allen_vbo_development_full,423606,proposed,neural_causal_skill,-0.000156503313212465
allen_vbo_development_full,423606,proposed,running_causal_skill,-0.0016851896091590608
allen_vbo_development_full,423606,proposed,pupil_causal_skill,-0.02065901578863754
allen_vbo_development_full,423606,proposed,lick_causal_skill,-0.0064418657027690198
allen_vbo_development_full,423606,linear,neural_causal_skill,-5.0353619745720187e-05
allen_vbo_development_full,423606,linear,running_causal_skill,0.0019229594725366558
allen_vbo_development_full,423606,linear,pupil_causal_skill,-0.00037445994439457719
allen_vbo_development_full,423606,linear,lick_causal_skill,-0.0050203311105301868
allen_vbo_development_full,423606,additive,neural_causal_skill,-3.5554804149718987e-05
allen_vbo_development_full,423606,additive,running_causal_skill,0.0031629531825925926
allen_vbo_development_full,423606,additive,pupil_causal_skill,0.015066670992307111
allen_vbo_development_full,423606,additive,lick_causal_skill,-0.0046987713619183556
allen_vbo_development_full,423606,black_box,neural_causal_skill,-0.0014148315899232102
allen_vbo_development_full,423606,black_box,running_causal_skill,0.06128977948015845
allen_vbo_development_full,423606,black_box,pupil_causal_skill,-0.0051653720854535406
allen_vbo_development_full,423606,black_box,lick_causal_skill,0.00071151008116395473
allen_vbo_development_full,423606,proposed_no_residual,neural_causal_skill,-0.00015649080201290215
allen_vbo_development_full,423606,proposed_no_residual,running_causal_skill,-0.0016862855420928967
allen_vbo_development_full,423606,proposed_no_residual,pupil_causal_skill,-0.020658833727819532
allen_vbo_development_full,423606,proposed_no_residual,lick_causal_skill,-0.0064418017352795469
allen_vbo_development_full,423606,proposed_no_target_adaptation,neural_causal_skill,3.8469748767614414e-07
allen_vbo_development_full,423606,proposed_no_target_adaptation,running_causal_skill,0.0011304307696500141
allen_vbo_development_full,423606,proposed_no_target_adaptation,pupil_causal_skill,0.0032086065920996108
allen_vbo_development_full,423606,proposed_no_target_adaptation,lick_causal_skill,-0.0010769566386882553
allen_vbo_development_full,423606,functional_atlas,neural_causal_skill,-0.16817090856930947
allen_vbo_development_full,423606,functional_atlas,running_causal_skill,0.17322006020172875
allen_vbo_development_full,423606,functional_atlas,pupil_causal_skill,-2.8005134675554473
allen_vbo_development_full,423606,functional_atlas,lick_causal_skill,0.012101934875317048
allen_vbo_development_full,423606,no_effect,neural_causal_skill,0
allen_vbo_development_full,423606,no_effect,running_causal_skill,0
allen_vbo_development_full,423606,no_effect,pupil_causal_skill,0
allen_vbo_development_full,423606,no_effect,lick_causal_skill,0
allen_vbo_development_full,423606,condition_time,neural_causal_skill,-0.043612310890793447
allen_vbo_development_full,423606,condition_time,running_causal_skill,0.17322006020172875
allen_vbo_development_full,423606,condition_time,pupil_causal_skill,-2.8005134675554473
allen_vbo_development_full,423606,condition_time,lick_causal_skill,0.012101934875317048
allen_vbo_development_full,423606,nearest_donor,neural_causal_skill,-0.00024783922872602957
allen_vbo_development_full,423606,nearest_donor,running_causal_skill,0.17419761102551945
allen_vbo_development_full,423606,nearest_donor,pupil_causal_skill,-4.6650833828227567
allen_vbo_development_full,423606,nearest_donor,lick_causal_skill,-0.017311195698462012
